State,FunctionalCategory,AgencyOrDivision,Title,Description,Format,Link,,,
Alabama,Disability/DMV,Dept. of Revenue,Application for Disability Access Parking Credentials,Application for disability placards/license plate decals for individuals or organizations; includes medical certification.,PDF,https://www.revenue.alabama.gov/wp-content/uploads/2022/08/MVR-32-6-230-12-21-fillable.pdf,,,
Alabama,Workforce/Labor,Dept. of Human Resources,Employment & Training Vendor Proposal (A-RESET SNAP E&T Program),"Extensive RFP document for vendors providing SNAP work/training, including services list, job descriptions, and employment/training forms.",DOCX,https://dhr.alabama.gov/wp-content/uploads/2022/02/FINAL-DRAFT-RFP-500-02-EMPLOYMENT-AND-TRAINING-VENDOR-PROPOSALupdated-B.docx,,,
Alabama,Child Care/Workforce,Dept. of Human Resources,Child Care Workforce Stabilization Grant Application,Application for pandemic-era bonuses for child care workers; addresses eligibility for facilities,PDF,https://dhr.alabama.gov/wp-content/uploads/2023/08/FINAL_DoubleTCR_Grant_Application.pdf,,,
Alabama,Education/Special Needs,Dept. of Rehabilitation Services,Children's Early Intervention System—Vendor Application & Central Resource Directory Form,Application package for specialists and vendors to provide services to families of children with developmental delays.,PDF,https://www.rehab.alabama.gov/documents/ei/for_vendors_and_ei_providers/EI%20Vendor%20application-revised-08-2023.pdf,,,
Alabama,Child Care/Support,Dept. of Human Resources,Central Resource Directory Form—Early Intervention System,Form for registering as a resource/service provider for infants/toddlers with developmental delays.,PDF,https://rehab.alabama.gov/documents/ei/Central_Resource_Directory/Central%20Resource%20Directory%20Form%20(1).pdf,,,
Alabama,Auto/DMV,Dept. of Revenue,Motor Vehicle Inspection/Title Application—MVT 5-9,Form for licensing officials to appoint representatives for vehicle or manufactured home/vessel physical inspection and title application.,PDF,https://www.revenue.alabama.gov/wp-content/uploads/2023/12/MVT-5-9-6-23.pdf,,,
Alabama,Disability Services,Dept. of Rehabilitation Services,Vendor Application (Early Intervention Services),Professional vendor/service application for AEIS,PDF,https://www.rehab.alabama.gov/documents/ei/for_vendors_and_ei_providers/EI%20Vendor%20application-revised-08-2023.pdf,,,
Alabama,Business Incorporation,Secretary of State,Certificate of Incorporation—Nonprofit Corporation,"Form and details to incorporate a nonprofit; outlines eligibility, required attachments, mailing procedures.",PDF,https://www.sos.alabama.gov/sites/default/files/2023-12/NonProfitIncorporation.pdf,,,
Alabama,Professional Vendors/Public Bids,Dept. of Human Resources,Employment/Training RFP—Vendor ID/TIN/Attestation Forms,MS Word documents as part of bids/RFPs to attest to business structure,DOCX,https://dhr.alabama.gov/wp-content/uploads/2022/02/FINAL-DRAFT-RFP-500-02-EMPLOYMENT-AND-TRAINING-VENDOR-PROPOSALupdated-B.docx,,,
Alabama,MSWord-Flag,Comptroller,Voucher Request for Payment,MSWord form for requesting state voucher payments (flagged as high remediation priority).,DOC,http://comptroller.alabama.gov/wp-content/uploads/2019/06/VOUCHER-REQUEST-FORM-AMBER-SHAFFER.doc,,,
Alaska,Workforce/Employment,Dept. of Administration,Workplace Alaska Standard Employment Application,Comprehensive job application for all State of Alaska positions; includes contact,PDF,https://doa.alaska.gov/dop/fileadmin/StatewideHR/pdf/WPAPaperApplication.pdf,,,
Alaska,Disability/DMV,DMV,Voluntary Disability Designator Application,For adding/removing disability designator on Alaska ID/driver license; requires applicant and physician sections.,PDF,https://dmv.alaska.gov/media/p5djgem5/486.pdf,,,
Alaska,Vocational Rehabilitation,Department of Labor,Community Rehabilitation Provider Application,Application for providers seeking to deliver rehabilitation services to disabled persons as contractors to the state.,PDF,https://labor.alaska.gov/dvr/crp/crp-app.pdf,,,
Alaska,Courts/Family Law,Alaska Court System,Uncontested Custody Complaint (Family Law),MS Word form to initiate uncontested child custody actions in Alaska courts; standardized for all counties.,DOC,https://courts.alaska.gov/shc/family/docs/shc-170.doc,,,
Alaska,Courts/Health,Alaska Court System,Alaska Advance Health Care Directive,MS Word form booklet for creating statutory health care directives; includes guidance for completion.,DOC,https://courts.alaska.gov/shc/family/docs/aahc-directive.doc,,,
Alaska,Environmental Response,DEC,Form 204 - Incident Documentation/Environmental Response,Fillable MSWord document for capturing details during environmental incidents (oil spills,DOCX,https://dec.alaska.gov/media/1390/form-204-fillable.docx,,,
Alaska,Alcohol Licensing,Commerce/Alcohol Board,Supplier Certification (Form AB-25),Certification required for alcohol suppliers/distillers; product line and compliance attestation.,PDF,https://www.commerce.alaska.gov/web/Portals/9/pub/ABC/AlcoholLicenseApplicationForms/AB-25.pdf,,,
Alaska,Disability/Workplace,Dept. of Administration,ADA Accommodation Request (Form EEOP 501),ADA accommodations application for employees; work tasks,PDF,https://doa.alaska.gov/ada/forms/ADAAccommodationPacket.pdf,,,
Alaska,Health/Vocational Rehab,Dept. of Retirement Benefits,Certification of Vocational Rehabilitation (PERS045),Form for certifying participation in vocational rehabilitation for public employees retirement purposes.,PDF,https://drb.alaska.gov/docs/forms/pers045.pdf,,,
Alaska,Environmental/Construction,DOT,Construction Stormwater Plan Worksheet (Form 25D-100),MS Word form for stormwater pollution prevention planning; required for DOT construction projects.,DOC,https://dot.alaska.gov/stwddes/dcsconst/assets/docs/constforms/swppp_forms/25d100.doc,,,
Arizona,Insurance Licensing,Dept. of Insurance,Insurance License Application (Individual) - Form L-169,Comprehensive insurance producer/agent/broker license application; paper form alternative to online portal.,PDF,https://insurance.az.gov/sites/default/files/documents/files/form_l-169_0.pdf,,,
Arizona,Health/TPA Compliance,Dept. of Insurance,Life and Health TPA Information Update (Form E-115),"To update business name, officers, or ownership for licensed third-party health/insurance administrators.",PDF,https://difi.az.gov/sites/default/files/Form%20E-115%20TPA%20Information%20Update_0_0.pdf,,,
Arizona,Workforce/Employment,Department of Administration,"State Employment/HR Forms (multiple, including Job Offer Letter, FMLA Letters, Disability Preference)","Suite of downloadable HR forms for agency use; many are fillable PDF or DOCX templates for employment actions, FMLA, disability accommodation, etc.",PDF/DOCX,https://hr.az.gov/about/resources/hr-forms-and-templates,,,
Arizona,Child Welfare/Health,Dept. of Child Safety,CSO-1104A Response by Relative/Person Having Care,"MS Word form for responses regarding child welfare, health records, or case management (forms library includes many DOCs for DCS care).",DOC,https://dcs.az.gov/sites/default/files/DCS-Forms/CSO-1104A_0.doc,,,
Arizona,IT/Security/Governance,Strategic Enterprise Technology,Risk Acceptance Form,"Department-level MS Word template for documenting and accepting, rather than remediating, IT/Security deficiencies. Key target for accessibility work.",DOCX,https://aset.az.gov/sites/default/files/Risk%20Acceptance%20Form.docx,,,
Arizona,Disability/Physical Therapy,State Board of Physical Therapy,Special Accommodations Request and Documentation of Disability,PDF form for requesting ADA testing accommodations for licensing/board exams; requires medical disclosure and documentation.,PDF,https://ptboard.az.gov/sites/default/files/documents/files/ADA%20Forms%20Filable.pdf,,,
Arizona,Health/TPA Licensing,Dept. of Insurance,"Biographical Affidavit (Form E-100-B, UCAA Form 11)",Required form for all board members/officers when updating TPA licensing info; ensures personal/financial transparency.,PDF,https://difi.az.gov/sites/default/files/documents/files/Form%20E-100-B%20TPA%20Biographical%20List_0.pdf,,,
Arizona,Disability/Tax,County Assessor,Certification of Disability for Property Tax Exemption,Local government form to certify qualifying disabilities for property tax exemption; includes medical certification and signature fields.,PDF,https://graham.az.gov/DocumentCenter/View/10777/Certification-Of-Disability-For-Property-Tax-Exemption-82514B-PDF,,,
Arizona,Paratransit/ADA,Mountain Line,ADA Paratransit Application,"Form for qualifying persons to apply for paratransit accessibility services; covers disability, eligibility, and contact info.",PDF,https://mountainline.az.gov/wp-content/uploads/2019/12/ADA-Paratransit-Application-Part-A-and-B.pdf,,,
Arizona,Health/Child Welfare,Dept. of Child Safety,Request for Restriction of Protected Health Information (DCS-1046A),MS Word template for restricting/investigating health records protection for children/family division.,DOC,https://dcs.az.gov/sites/default/files/DCS-Forms/DCS-1046A.doc,,,
Arizona,IT/Governance,Dept. of Administration,HRIS Security Authority Delegate Form,MS Word template for delegating authority for HR record access/system control. Used statewide for internal IT/HCM permissions.,DOCX,https://hr.az.gov/sites/default/files/2022-06/HRIS%2520Security%2520Authority%2520Delegate%2520Form.docx,,,
Alabama,Disability/DMV,Dept. of Revenue,Application for Disability Access Parking Credentials,Application for disability placards/license plate decals for individuals or organizations; includes medical certification.,PDF,https://www.revenue.alabama.gov/wp-content/uploads/2022/08/MVR-32-6-230-12-21-fillable.pdf,,,
Alabama,Workforce/Labor,Dept. of Human Resources,Employment & Training Vendor Proposal (A-RESET SNAP E&T Program),"Extensive RFP document for vendors providing SNAP work/training, including services list, job descriptions, and employment/training forms.",DOCX,https://dhr.alabama.gov/wp-content/uploads/2022/02/FINAL-DRAFT-RFP-500-02-EMPLOYMENT-AND-TRAINING-VENDOR-PROPOSALupdated-B.docx,,,
Alabama,Child Care/Workforce,Dept. of Human Resources,Child Care Workforce Stabilization Grant Application,Application for pandemic-era bonuses for child care workers; addresses eligibility for facilities,PDF,https://dhr.alabama.gov/wp-content/uploads/2023/08/FINAL_DoubleTCR_Grant_Application.pdf,,,
Alabama,Education/Special Needs,Dept. of Rehabilitation Services,Children's Early Intervention System—Vendor Application & Central Resource Directory Form,Application package for specialists and vendors to provide services to families of children with developmental delays.,PDF,https://www.rehab.alabama.gov/documents/ei/for_vendors_and_ei_providers/EI%20Vendor%20application-revised-08-2023.pdf,,,
Alabama,Child Care/Support,Dept. of Human Resources,Central Resource Directory Form—Early Intervention System,Form for registering as a resource/service provider for infants/toddlers with developmental delays.,PDF,https://rehab.alabama.gov/documents/ei/Central_Resource_Directory/Central%20Resource%20Directory%20Form%20(1).pdf,,,
Alabama,Auto/DMV,Dept. of Revenue,Motor Vehicle Inspection/Title Application—MVT 5-9,Form for licensing officials to appoint representatives for vehicle or manufactured home/vessel physical inspection and title application.,PDF,https://www.revenue.alabama.gov/wp-content/uploads/2023/12/MVT-5-9-6-23.pdf,,,
Alabama,Disability Services,Dept. of Rehabilitation Services,Vendor Application (Early Intervention Services),Professional vendor/service application for AEIS,PDF,https://www.rehab.alabama.gov/documents/ei/for_vendors_and_ei_providers/EI%20Vendor%20application-revised-08-2023.pdf,,,
Alabama,Business Incorporation,Secretary of State,Certificate of Incorporation—Nonprofit Corporation,"Form and details to incorporate a nonprofit; outlines eligibility, required attachments, mailing procedures.",PDF,https://www.sos.alabama.gov/sites/default/files/2023-12/NonProfitIncorporation.pdf,,,
Alabama,Professional Vendors/Public Bids,Dept. of Human Resources,Employment/Training RFP—Vendor ID/TIN/Attestation Forms,MS Word documents as part of bids/RFPs to attest to business structure,DOCX,https://dhr.alabama.gov/wp-content/uploads/2022/02/FINAL-DRAFT-RFP-500-02-EMPLOYMENT-AND-TRAINING-VENDOR-PROPOSALupdated-B.docx,,,
Alabama,MSWord-Flag,Comptroller,Voucher Request for Payment,MSWord form for requesting state voucher payments (flagged as high remediation priority).,DOC,http://comptroller.alabama.gov/wp-content/uploads/2019/06/VOUCHER-REQUEST-FORM-AMBER-SHAFFER.doc,,,
Alaska,Workforce/Employment,Dept. of Administration,Workplace Alaska Standard Employment Application,Comprehensive job application for all State of Alaska positions; includes contact,PDF,https://doa.alaska.gov/dop/fileadmin/StatewideHR/pdf/WPAPaperApplication.pdf,,,
Alaska,Disability/DMV,DMV,Voluntary Disability Designator Application,For adding/removing disability designator on Alaska ID/driver license; requires applicant and physician sections.,PDF,https://dmv.alaska.gov/media/p5djgem5/486.pdf,,,
Alaska,Vocational Rehabilitation,Department of Labor,Community Rehabilitation Provider Application,Application for providers seeking to deliver rehabilitation services to disabled persons as contractors to the state.,PDF,https://labor.alaska.gov/dvr/crp/crp-app.pdf,,,
Alaska,Courts/Family Law,Alaska Court System,Uncontested Custody Complaint (Family Law),MS Word form to initiate uncontested child custody actions in Alaska courts; standardized for all counties.,DOC,https://courts.alaska.gov/shc/family/docs/shc-170.doc,,,
Alaska,Courts/Health,Alaska Court System,Alaska Advance Health Care Directive,MS Word form booklet for creating statutory health care directives; includes guidance for completion.,DOC,https://courts.alaska.gov/shc/family/docs/aahc-directive.doc,,,
Alaska,Environmental Response,DEC,Form 204 - Incident Documentation/Environmental Response,Fillable MSWord document for capturing details during environmental incidents (oil spills,DOCX,https://dec.alaska.gov/media/1390/form-204-fillable.docx,,,
Alaska,Alcohol Licensing,Commerce/Alcohol Board,Supplier Certification (Form AB-25),Certification required for alcohol suppliers/distillers; product line and compliance attestation.,PDF,https://www.commerce.alaska.gov/web/Portals/9/pub/ABC/AlcoholLicenseApplicationForms/AB-25.pdf,,,
Alaska,Disability/Workplace,Dept. of Administration,ADA Accommodation Request (Form EEOP 501),ADA accommodations application for employees; work tasks,PDF,https://doa.alaska.gov/ada/forms/ADAAccommodationPacket.pdf,,,
Alaska,Health/Vocational Rehab,Dept. of Retirement Benefits,Certification of Vocational Rehabilitation (PERS045),Form for certifying participation in vocational rehabilitation for public employees retirement purposes.,PDF,https://drb.alaska.gov/docs/forms/pers045.pdf,,,
Alaska,Environmental/Construction,DOT,Construction Stormwater Plan Worksheet (Form 25D-100),MS Word form for stormwater pollution prevention planning; required for DOT construction projects.,DOC,https://dot.alaska.gov/stwddes/dcsconst/assets/docs/constforms/swppp_forms/25d100.doc,,,
Arizona,Insurance Licensing,Dept. of Insurance,Insurance License Application (Individual) - Form L-169,Comprehensive insurance producer/agent/broker license application; paper form alternative to online portal.,PDF,https://insurance.az.gov/sites/default/files/documents/files/form_l-169_0.pdf,,,
Arizona,Health/TPA Compliance,Dept. of Insurance,Life and Health TPA Information Update (Form E-115),"To update business name, officers, or ownership for licensed third-party health/insurance administrators.",PDF,https://difi.az.gov/sites/default/files/Form%20E-115%20TPA%20Information%20Update_0_0.pdf,,,
Arizona,Workforce/Employment,Department of Administration,"State Employment/HR Forms (multiple, including Job Offer Letter, FMLA Letters, Disability Preference)","Suite of downloadable HR forms for agency use; many are fillable PDF or DOCX templates for employment actions, FMLA, disability accommodation, etc.",PDF/DOCX,https://hr.az.gov/about/resources/hr-forms-and-templates,,,
Arizona,Child Welfare/Health,Dept. of Child Safety,CSO-1104A Response by Relative/Person Having Care,"MS Word form for responses regarding child welfare, health records, or case management (forms library includes many DOCs for DCS care).",DOC,https://dcs.az.gov/sites/default/files/DCS-Forms/CSO-1104A_0.doc,,,
Arizona,IT/Security/Governance,Strategic Enterprise Technology,Risk Acceptance Form,"Department-level MS Word template for documenting and accepting, rather than remediating, IT/Security deficiencies. Key target for accessibility work.",DOCX,https://aset.az.gov/sites/default/files/Risk%20Acceptance%20Form.docx,,,
Arizona,Disability/Physical Therapy,State Board of Physical Therapy,Special Accommodations Request and Documentation of Disability,PDF form for requesting ADA testing accommodations for licensing/board exams; requires medical disclosure and documentation.,PDF,https://ptboard.az.gov/sites/default/files/documents/files/ADA%20Forms%20Filable.pdf,,,
Arizona,Health/TPA Licensing,Dept. of Insurance,"Biographical Affidavit (Form E-100-B, UCAA Form 11)",Required form for all board members/officers when updating TPA licensing info; ensures personal/financial transparency.,PDF,https://difi.az.gov/sites/default/files/documents/files/Form%20E-100-B%20TPA%20Biographical%20List_0.pdf,,,
Arizona,Disability/Tax,County Assessor,Certification of Disability for Property Tax Exemption,Local government form to certify qualifying disabilities for property tax exemption; includes medical certification and signature fields.,PDF,https://graham.az.gov/DocumentCenter/View/10777/Certification-Of-Disability-For-Property-Tax-Exemption-82514B-PDF,,,
Arizona,Paratransit/ADA,Mountain Line,ADA Paratransit Application,"Form for qualifying persons to apply for paratransit accessibility services; covers disability, eligibility, and contact info.",PDF,https://mountainline.az.gov/wp-content/uploads/2019/12/ADA-Paratransit-Application-Part-A-and-B.pdf,,,
Arizona,Health/Child Welfare,Dept. of Child Safety,Request for Restriction of Protected Health Information (DCS-1046A),MS Word template for restricting/investigating health records protection for children/family division.,DOC,https://dcs.az.gov/sites/default/files/DCS-Forms/DCS-1046A.doc,,,
Arizona,IT/Governance,Dept. of Administration,HRIS Security Authority Delegate Form,MS Word template for delegating authority for HR record access/system control. Used statewide for internal IT/HCM permissions.,DOCX,https://hr.az.gov/sites/default/files/2022-06/HRIS%2520Security%2520Authority%2520Delegate%2520Form.docx,,,
Arkansas,Employment/Labor,Dept. of Finance & Administration,Instructions for Form I-9 - Employment Eligibility Verification,Form and instructions covering federal employment eligibility with Arkansas-specific guidance (disability/alternate ID note included).,PDF,https://www.dfa.arkansas.gov/wp-content/uploads/i-9instr_1.pdf,,,
Arkansas,Health/Provider,Dept. of Human Services,Form HP-AR-004 Medicaid Adjustment Request,"Medicaid provider's form for reporting/correcting Medicaid payments, codes, or claims information; includes beneficiary details.",PDF,https://humanservices.arkansas.gov/wp-content/uploads/HP-AR-004.pdf,,,
Arkansas,Disability/Medicaid,Dept. of Human Services,Provider Application - DMS-652,"MS Word form for organizations/practitioners to become Medicaid providers (requires licensure, agreements, disclosure forms attachment).",DOC,https://humanservices.arkansas.gov/wp-content/uploads/DMS-652.doc,,,
Arkansas,Workforce Center Certification,Dept. of Workforce Services,Workforce Center Application for Certification (Form 6.4),Multi-page center application used to certify local and affiliate Workforce Centers for job-seeker/employer assistance programs.,PDF,https://dws.arkansas.gov/wp-content/uploads/Form-6.4-Arkansas-Workforce-Center-Application-for-Certification.pdf,,,
Arkansas,Grant/Appeals,Department of Finance Administration,Appeal Request Form,"Form for appealing agency decisions in benefit, tax, or public aid determinations. Often submitted by disabled or indigent claimants.",PDF,https://sas.arkansas.gov/wp-content/uploads/Appeal-Form-1-25-2024.pdf,,,
Arkansas,Education/Special Ed.,Dept. of Education,Specific Learning Disability SLD Determination Form,"Required special education eligibility form for disabilities, used in schools statewide for IDEA/IEP compliance.",PDF,https://arksped.ade.arkansas.gov/documents/policyAndRegulations/required-forms/SLD.pdf,,,
Arkansas,Environmental/Rehabilitation,Dept. of Finance Authority,Radon Compliance Certification (Rehab),Form certifying residential rehabilitation (including for disabled) compliance with radon standards.,PDF,https://adfa.arkansas.gov/wp-content/uploads/2025/04/Radon-Compliance-Certification-Rehab.pdf,,,
Arkansas,Health Care/Legal,Dept. of Health,Appointment of Health Care Agent (Advance Directive),"PDF for assigning a legal agent to make health care decisions, including for adults with disabilities or incapacity.",PDF,https://healthy.arkansas.gov/wp-content/uploads/AppointmentHealthCareAgentForm.pdf,,,
Arkansas,Medicaid/Provider,Dept. of Human Services,Provider Address Change Form (DMS-673),"MS Word form to update Medicaid provider address/contacts; provider number, NPI, and director details required for state records.",DOC,https://humanservices.arkansas.gov/wp-content/uploads/DMS-673.doc,,,
Arkansas,Teacher Certification,Dept. of Workforce Services,Teacher Waiver Form (Initial/Final),Waiver form (MS Word) required for teacher certification variances; completes employment/qualification records.,DOCX,https://dws.arkansas.gov/wp-content/uploads/Teacher-Waiver-Form-Initial-Final-8-23-2022.docx,,,
California,Disability/Health,Ca. Dept. Social Services,Health Care Certification (SOC 873),IHSS health care certification form for in-home support services; completed by medical provider for disability eligibility.,PDF,https://www.cdss.ca.gov/cdssweb/entres/forms/english/soc873.pdf,,,
California,Disability Insurance,Employment Development Dept.,"Disability Insurance Forms (DE 2501, etc.)",Comprehensive set of disability insurance claim forms/fact sheets for employees with qualifying disabilities.,PDF,https://edd.ca.gov/en/disability/DI_Forms_and_Publications/,,,
California,Retirement/Disability,CalPERS,Physician’s Report on Disability (CalPERS-1204),Form for doctors to support disability retirement benefit claims for public employees (CalPERS).,PDF,https://www.calpers.ca.gov/sites/default/files/spf/docs/forms-publications/physician-report-disability.pdf,,,
California,Legal/Probation,Board of Parole Hearings,Petition for Certificate of Rehabilitation and Pardon,Application for convicted persons to request governor’s pardon or rehabilitation certificate; rehabilitation history included.,PDF,https://www.cdcr.ca.gov/bph/wp-content/uploads/sites/161/2019/07/pv-Petition_For_Certification_of_Rehabilitation_and_Pardon-10-29-19-Remediated.pdf,,,
California,Courts/Family Law,Judicial Council,Income and Expense Declaration (FL-150),"Central form for all divorce, separation, or support cases statewide; financial and health data required.",PDF,https://courts.ca.gov/sites/default/files/courts/default/2024-11/fl150.pdf,,,
California,Disability/Workforce/Healthcare,EDD,Disability Insurance—Application for Benefits (DE 2501),"Key claim form for short-term disability; includes physician and patient sections, privacy notice, recurring use in claim workflows.",PDF,https://edd.ca.gov/siteassets/files/pdf_pub_ctr/de2501.pdf,,,
California,Disability/Education,Dept. of Health Care Services,MC 382—Medi-Cal Representative Authorization,Form to formally assign an advocate or representative to act on behalf of a disabled Medi-Cal recipient.,PDF,https://www.dhcs.ca.gov/formsandpubs/forms/Forms/MCED/MC_Forms/MC382_0618.pdf,,,
California,Transportation/Planning,Caltrans,Intake/Smartsheet Accessibility Intake Form (2024),"DOCX template for accessibility compliance/reporting in state/federal transportation planning; covers equity, climate, ADA, and more.",DOCX,https://dot.ca.gov/-/media/dot-media/programs/transportation-planning/documents/division-transportation-planning/final-mpdg-2024-intake-form-a11y.docx,,,
California,Environment/Drinking Water,Water Quality Board,Operational Evaluation Reporting Form,DOC MS Word form for utilities to report water quality operational incidents and corrective measures.,DOC,https://www.waterboards.ca.gov/drinking_water/programs/districts/docs/oe_report_oegm.doc,,,
California,Emergency Medical/Tracking,EMS Authority,Disaster Victim/Patient Tracking (HICS 254),DOCX form for hospitals/field teams to track/triage during mass emergencies or disasters (HIPAA/ADA fields).,DOCX,https://emsa.ca.gov/wp-content/uploads/sites/71/2017/07/HICS-254-Disaster-Victim-Patient-Tracking.docx,,,
California,Government Contracting,Department of General Services,Form GSPD-451 - Bid Contract Form,Legacy MS Word template for vendor bid solicitation and contract awards; requires accessibility remediation.,DOC,https://www.dgs.ca.gov/-/media/Divisions/PD/PTCS/OPPL/Model-Language/IT/GSPD451-080102.doc,,,
California,Compliance/Environment,SCAG,Conformity Streamlining Exemption Form,DOCX accessibility-compliant form for transportation projects seeking conformity exemptions from regulatory review.,DOCX,https://scag.ca.gov/sites/default/files/2024-05/conformity-exemption-form-a11y.docx,,,
Colorado,Disability/Medicaid,Dept. of Health Care Policy & Financing,Disability Application and Medical Records Form,"Comprehensive disability application for Medicaid, including sections for medical providers, eligibility, supporting documentation.",PDF,https://hcpf.colorado.gov/sites/hcpf/files/Disability%20Application%20-%20English.pdf,,,
Colorado,ADA/504/Compliance,Dept. of Health Care Policy & Financing,Reasonable Modification Request Form,"Form for requesting reasonable accommodation under ADA, 504. Covers applicant info, requested modifications, and official administrative response.",PDF,https://hcpf.colorado.gov/sites/hcpf/files/Reasonable%20Modification%20Request%20Form.pdf,,,
Colorado,Disability/Claims,State Personnel Board,Disability Claim Form,"Claim and certification form for disability insurance coordinated with state employment; includes history, diagnosis, and treatment certification.",PDF,https://dhr.colorado.gov/sites/dhr/files/documents/Colorado%20(State%20of)%20(CU-5789).pdf,,,
Colorado,Disability/DMV,Dept. of Revenue,DR 2445 - Statement of Transfer,Used for transferring vehicle title; required for certain transactions when notarization is not needed. Includes seller certifications.,PDF,https://dmv.colorado.gov/sites/dmv/files/DR2445.pdf,,,
Colorado,Workforce/Development,Dept. of Natural Resources,"COSWAP Workforce Development Application (CYCA, DOC)","State's wildland fire and emergency workforce program application; includes sections for applicant corps, individual, and organization details.",PDF,https://dnr.colorado.gov/sites/dnr/files/documents/All%202025%20COSWAP%20Workforce%20Development%20Applications%20(CYCA,%20DOC,%20Independent%20Corps,%20Trainings).pdf
Colorado,Personnel/Job Description,Military & Veterans Affairs,PDQ Form (Position Description Questionnaire),"MS Word form to describe/classify positions for state employment, with ADA and personnel compliance fields.",DOC,https://dmva.colorado.gov/sites/dmva/files/PDQTraditional_0.doc,,,
Colorado,Justice/Disputes,Personnel Board,Consolidated Appeal & Dispute Form,"State employment appeal/dispute form; used for employee discipline, job status, discrimination, and wrongful termination cases.",PDF,https://spb.colorado.gov/sites/spb/files/documents/Consolidated%20Appeal%20-%20Form%20-%202025.pdf,,,
Colorado,Worker's Comp/Labor,Division of Workers' Compensation,"Workers' Compensation Forms Portal (WC1, WC6, WC12, more)","Suite of forms for claims (employee injury, employer report, return to work, physician status, premium certification, cost containment, and others).",PDF,https://cdle.colorado.gov/dwc/resources/forms,,,
Colorado,Background Checks,Criminal Justice Planning Unit,Background Release Form,MS Word form for applicants/employees/volunteers to authorize criminal background checks in state agencies.,DOCX,https://cjpu.colorado.gov/sites/cjpu/files/documents/Background-Release-Form.docx,,,
Colorado,Disability/Labor,Division of Vocational Rehabilitation,Disability Preference Pilot - Acceptable Eligibility Documentation,Document outlining proof requirements for employment preference for disabled applicants in pilot programs.,PDF,https://dvr.colorado.gov/sites/dvr/files/Disability_Hiring_Pref_Acceptable_Eligibility_Documentation_Feb172022.pdf,,,
Colorado,Slot/Kiosk/Regulated Gaming,State Gaming Board,Sample Selection Documentation Form,MS Word form for compliance officers to document observation/sample selection dates for regulated gaming facilities.,DOC,https://sbg.colorado.gov/sites/sbg/files/documents/Sample%20Selection%20Documentation%20Form%20November%202022.doc,,,
Connecticut,Disability/Retirement,Teachers’ Retirement Board,Disability Application,"Multi-section disability application for teacher retirement benefits, including physician and HR director certification; covers all major systems/disabilities.",PDF,https://portal.ct.gov/-/media/trb/content/retired/ai_disapp.pdf,,,
Connecticut,Disability/Insurance,Supplier Diversity Program,Determination of Disability (Owners) SMBE Certification,PDF form for small/minority business owners to prove eligibility for disability accommodation in contracts and grants.,PDF,https://portal.ct.gov/-/media/DAS/Procurement-Services/Supplier-Diversity/Disability-form_SMBE-Certification.pdf,,,
Connecticut,Disability/Compliance,Judicial Branch,Americans with Disabilities Act Accommodation Request,"Judicial branch ADA request for accommodation form; covers court access, documentation, and contact for compliance.",PDF,https://www.signnow.com/fill-and-sign-pdf-form/134590-americans-with-disabilities-act-ct-judicial-branch,,,
Connecticut,Workers’ Compensation,Workers’ Compensation Commission,Physician’s Permanent Impairment Evaluation (Form 42),"Form for medical professionals to report percent permanent impairment for worker's compensation, required for disability rating.",PDF,https://portal.ct.gov/-/media/WCC/forms/medical-forms/42.pdf,,,
Connecticut,Disability/Medical,DDS,Certified Non-licensed Staff Medication Administration Error,MS Word form for tracking medication errors by disability support staff and identifying patterns for regulatory reporting.,DOC,https://portal.ct.gov/-/media/DDS/DDS_Manual/ID_Quality/med_sanctions/IDPR014AttachmentBMedAdminErrorTrackingForm906.doc,,,
Connecticut,Business/Compliance,Dept. of Energy & Environmental Protection,Applicant Compliance Information Form,MS Word form for businesses/entities applying for permits to report compliance or regulatory issues and resolve enforcement cases.,DOC,https://portal.ct.gov/-/media/DEEP/Permits_and_Licenses/Common_Forms/complianceformdoc.doc,,,
Connecticut,Self-Employment/Medical Aid,Dept. of Social Services,Self-employed Income and Expenses for Medical Assistance (W-38),DOCX form for reporting business and medical income/expenses for Medicaid; includes instructions for visually impaired/deaf/hard of hearing.,DOCX,https://portal.ct.gov/-/media/Departments-and-Agencies/DSS/Common-Applications/w-38.docx,,,
Connecticut,Elections,Gov Secretary,SUPPLY ORDER FORM,MS Word form for Connecticut towns and polling locations to request accessible election supplies (remediation priority—for all polling stations).,DOC,https://portal.ct.gov/-/media/SOTS/ElectionServices/ElectForms/electforms/SUPPLY-ORDER-FORM.doc,,,
Connecticut,Education/Special Needs,Dept. of Education,IEP Manual and Forms,"IEP forms book for special education/IDEA compliance—eligibility categories, PPT meetings, disability documentation. Revised July 2021.",PDF,https://portal.ct.gov/dss/-/media/departments-and-agencies/dss/health-and-home-care/autism-spectrum-disorder/categories/iep-manual-revised-july-2021.pdf,,,
Connecticut,General Government/Forms Repository,DSS/Elders/Benefits,"Statewide forms portal including burial, home care, Medicaid, elder benefits, income, parentage, accessible for screen readers and available in multiple languages.",,PDF,https://portaldir.ct.gov/dss/eduplicating/viewforms.asp,,,
Delaware,Disability/HR,Dept. of Human Resources,ADA Healthcare Provider Questionnaire,"PDF form for employees to request and substantiate ADA workplace accommodations, completed by a health provider.",PDF,https://dhr.delaware.gov/policies/documents/ada-healthcare-questionnaire.pdf,,,
Delaware,Disability/Insurance,Dept. of Human Resources,Short-Term Disability Insurance Payroll Checklist & Claim,PDF fillable letter and checklist for HR/Payroll to advise and document employee disability claim process/requirements.,PDF,https://dhr.delaware.gov/benefits/disability/documents/dip-hr-payroll-checklist.pdf,,,
Delaware,Disability/Benefits,Dept. of Human Resources,Disability Wallet Card - Short Term Disability Claim,"Quick-guide wallet card for filing benefits by disability program, for workers needing accommodations or absence management.",PDF,https://dhr.delaware.gov/benefits/disability/documents/wallet-card.pdf,,,
Delaware,Disability/Developmental Services,Division of Developmental Disabilities Services,Application for Developmental Disabilities Services,"Online/app-based form (not direct PDF)—directory and support links for rehab, respite, vocational, adult, and child disability programs.",HTML,https://scpd.delaware.gov/brainToolkit/biResources/index.shtml,,,
Delaware,Benefits/Authorization,Dept. of Revenue,Authorization to Release Tax Information,"Releases tax data to 3rd party (lawyer, rep, relative, agency); required for social service appeals, ADA accommodation, and state/federal cross-filings.",PDF,https://revenuefiles.delaware.gov/docs/tax_info_release.pdf,,,
Delaware,Workforce/Business,Division of Small Business,Workforce Training Grant Application,PDF application for employers/organizations to request workforce training grants for new/innovative programs (target: workforce/diversity/disability inclusion).,PDF,https://business.delaware.gov/wp-content/uploads/sites/118/2018/09/Division-of-Small-Business-Workforce-Training-Grant-Application-Form_NEW.pdf,,,
Delaware,FOIA/Open Records,State of Delaware,FOIA Request Form,"Freedom of Information Act request for transparency, including disability records and community accommodations.",PDF,https://delaware.gov/forms/foia_request_form.pdf,,,
Delaware,Public Records Management,Public Archives,Transfer Document Form,"MS Word form for documenting transfers to/from Delaware Public Archives, used by agencies and for evidence/document control (remediation target due to .doc format).",DOC,https://archivesfiles.delaware.gov/gov-services/Transfer_Document_Form.doc,,,
Delaware,HR/Payroll,Office of Management & Budget,PHRST Payroll Request Form,"MS Word payroll form for employee pay actions, FMLA, disability, or benefits requests—flagged for remediation.",DOC,https://employeeselfservice.omb.delaware.gov/information/forms/p8110-dd-form.doc,,,
Delaware,Elections,Secretary of State,Supply Order Form for Election Services,MS Word form for election offices to order accessible equipment/supplies (flagged for accessibility remediation).,DOC,https://portal.ct.gov/-/media/SOTS/ElectionServices/ElectForms/electforms/SUPPLY-ORDER-FORM.doc,,,
Delaware,Child Welfare/IT Access,Dept. of Services for Children,Youth & Families,User Access Form for Contractors (FOCUS System),DOCX,https://kidsfiles.delaware.gov/docs/dscyf-focus-user-access-form-contractor.docx,,,
Florida,Disability Retirement,Florida Retirement System,Disability Retirement Application Packet,"Comprehensive PDF packet including application, medical, and employer certification for all public sector workers.",PDF,https://frs.fl.gov/forms/disability-packet_pp.pdf,,,
Florida,Disability Retirement (Investment),Florida Retirement System,Investment Plan Disability Retirement Application,"Forms for investment-plan members to apply for total/permanent disability, employer and physician verification attached.",PDF,https://frs.fl.gov/forms/disability-packet_ip.pdf,,,
Florida,DMV/Disability,Dept. of Highway Safety & Motor Vehicles,Motor Vehicle & Disability Parking Permit Forms,"Portal for all DMV, vehicle, and disability parking credential forms—searchable and downloadable in PDF.",PDF,https://www.flhsmv.gov/resources/forms/,,,
Florida,Tax,Dept. of Revenue,Withholding Request for Change Form,"Request to change state tax withholding for disability, retirement, or employment status change; includes signature block.",PDF,https://revenuefiles.delaware.gov/docs/withholding_req.pdf,,,
Florida,Public Records/Disability,Statewide,FOIA/Public Records Forms,"Central request/authorization forms covering ADA, disability, and program access issues (flagged page includes records request doc).",PDF,https://delaware.gov/forms/foia_request_form.pdf,,,
Florida,Retirement/Beneficiaries,Florida Retirement System,Retired Member and DROP Beneficiary Designation Form,"Pension plan beneficiary update for all retirees, including those with disability status; PDF file, not fillable.",PDF,https://frs.fl.gov/forms/fst-12.pdf,,,
Florida,Elections,Division of Elections,Voter Registration Preference Form,"Official Florida voter registration preference form; covers accessible voting, signature certification, and polling arrangements.",PDF,https://dos.fl.gov/media/708048/form-ds-de-77.pdf,,,
Florida,Historic Preservation,Division of Historical Resources,"Master Site File Recording Forms—Resource/Structure/Historic Bridge, etc.","Complete set of state’s historic, archaeological, and architectural survey forms—PDFs, some ZIP for batch digital/fillable forms.",PDF/ZIP,https://dos.fl.gov/historical/preservation/master-site-file/documents-forms/,,,
Florida,Records/Archives,Dept. of State,Records Inventory Worksheet,MS Word worksheet for government organizations to inventory/track documents; accessibility remediation priority.,DOC,https://test.info.florida.gov/media/31065/records-inventory-worksheet.doc,,,
Florida,Records/Archives,Dept. of State,Request for Return of Reference Service Form,MS Word form for requesting re-filing or return of government records and archives.,DOC,https://dos.fl.gov/media/31077/return-of-reference-request206.doc,,,
Florida,Small Grants/Historic,Division of Historical Resources,Small Matching Grant Application,DOCX application for preservation funding/grants—requires accessibility upon intake and for applicant guidance.,DOCX,https://dos.fl.gov/media/702673/redline_small-matching-grant-application_1102020.docx,,,
Georgia,Disability Retirement,Employees' Retirement System of Georgia,Disability Retirement Application,"Multi-section claims packet for state employee disability retirement; required for eligibility, medical, and employer documentation.",PDF,https://www.ers.ga.gov/sites/main/files/file-attachments/ers_disability_retirement_application_final_complete.pdf?1737038356,,,
Georgia,Disability/Driver's License,Dept. of Driver Services,Application for Placement of Medical/Disability Information on License/Permit/ID,"Form for adding disability/medical info to state ID/documents; includes medical, applicant, and provider certification.",PDF,https://dds.georgia.gov/document/form/license-medical-disability-form/download,,,
Georgia,Disability/Insurance,Dept. of Admin Services,Long Term Disability Claim Form - Employee Statement,"Detailed claim form for public employee disability insurance; includes sections for employer, dependent, and physician/compliance details.",PDF,https://doas.ga.gov/sites/default/files/2025-02/GA%20FR%20PTSD%20Long%20Term%20Disability%20Claim%20Form%20Employee%20Statement.pdf,,,
Georgia,SNAP/TANF/Medical DFCS,DFCS Reasonable Modifications & Communication Assistance Request,"RMA fillable form for requesting accommodations (modifications, aides, sign interpreters, assistive tech) across public benefits programs.",,PDF,https://dfcs.georgia.gov/document/document/3-3-22-rmrf-english-large-print/download,,,
Georgia,Disability/Medical,Medical Board,Separation Notice & Certificate of Education Forms for PAs,PDF forms for PA/physician assistants to report employment separation or provide required education certification to state boards.,PDF,https://medicalboard.georgia.gov/document/form-h-separation-notice/download,,,
Georgia,Paternity,Child Support Services,Paternity Acknowledgement Form (3940),"Fillable form for legal paternity, supports child welfare, disability, and support program compliance.",PDF,https://childsupport.georgia.gov/document/document/paternity-acknowledgement-form-3940pdf/download,,,
Georgia,Labor/Unclaimed Property,Dept. of Revenue,Corporate Entities Annual Unclaimed Property Report,"Annual unclaimed property report for all corporations with detailed instructions. Supports accessibility remediation (large corporations, estate, disability).",PDF,https://dor.georgia.gov/document/form/holder-forms-and-instructions-corporate-entities/download,,,
Georgia,Environmental,Environmental Protection Division,Document Submittal Form,Accompanying info form for Brownfield/VRP document submittals for remediation/environmental accessibility.,PDF,https://epd.georgia.gov/document/document/documentsubmittalform/download,,,
Georgia,Transportation/Contracting,Dept. of Transportation,Request for Approval of 2nd Tier Subcontract (Form DOT 485),"MS Word DOC; form for contractors participating in state/federal DOT projects, requiring accessibility compliance in contracting.",DOC,https://www.dot.ga.gov/PartnerSmart/Business/Forms/485-A-fill-in.doc,,,
Georgia,Gov/City Services,Community Affairs,SDS FORM 5 – Service Delivery Strategy Agreement,"DOTX template for cities/counties to share compliance, eligibility, disability access, and multi-agency coordination (remediation priority).",DOTX,https://www.dca.ga.gov/sites/default/files/sdsform5.dotx,,,
Georgia,Legislative/Communication,Georgia House,Press Release Request Form,DOCX form for legislative press releases; targets accessible content/remediation in government communications.,DOCX,https://www.house.ga.gov/mediaServices/Documents/MEMBER_PRESS_RELEASE_REQUEST_FORM.docx,,,
Georgia,Social Services/Tax,DFCS,Tax Compliance Form,MS Word form for tax compliance affirmation in state contracting and procurement processes.,DOC,https://dfcs.georgia.gov/sites/dfcs.georgia.gov/files/related_files/site_page/Tax%20Compliance%20Form.doc,,,
Hawaii,Disability/Medical Certification,Dept. of Agriculture,ADA Medical Certification Form,Form for health professionals to certify eligibility for ADA accommodations and communicate with employer/school.,PDF,https://hdoa.hawaii.gov/wp-content/uploads/2021/08/Attachment-C-ADA-Medical-Certification-Form.pdf,,,
Hawaii,Disability Parking,Disability & Communication Access Board,Disability Paid Parking Exemption Permit/DPPEP (PA-3),Application for disability placard/paid parking permit; requires medical certification and identification.,PDF,https://health.hawaii.gov/dcab/files/2023/04/2024-01-PA3-Form.pdf,,,
Hawaii,Disability/Medicaid,Med-QUEST,Medical History and Disability Statement (DHS 1127),"Comprehensive disability application for Medicaid/health services; includes detailed health, disability, and SSDI questions.",PDF,https://medquest.hawaii.gov/content/dam/formsanddocuments/provider-forms/1127-medical-history-and-disability-statement/DHS_1127_Form_Rev_10_2022.pdf/jcr:content?type=pdf&process=,,,
Hawaii,Disability/Employment,Dept. of Labor & Industrial Relations,Health Care Coverage Questionnaire (HC-4),Employers report health coverage for disability/comp workers; accommodation and auxiliary aids/TTY numbers included.,PDF,https://labor.hawaii.gov/dcd/files/2023/05/HC4-rev-2025.03.pdf,,,
Hawaii,Vocational Rehabilitation,Dept. of Human Services,Application for Vocational Rehabilitation Services,"Eligibility and initial application for state VR programs; includes detailed disability, employment, and support needs fields.",PDF,https://humanservices.hawaii.gov/vr/files/2024/08/DHS-2641-Application-for-Vocational-Rehabilitation-Services.pdf,,,
Hawaii,Workforce/Labor,Workforce Development Division,Voluntary Worker Survey (Rapid Response),Employment and job-seeker survey as part of state workforce rapid response program. Includes accessibility and alternate format notes.,PDF,https://labor.hawaii.gov/ui/files/2012/12/RR-survey-form.pdf,,,
Hawaii,Wage/Disability Comp,Dept. of Labor & Industrial Relations,WC-14 Employee’s Wage Report,"Wage reporting for all disability compensation programs, used for calculating disability benefit levels.",PDF,https://labor.hawaii.gov/dcd/files/2012/11/WC-14.pdf,,,
Hawaii,Wildlife Rehabilitation,Division of Forestry & Wildlife,Wildlife Rehabilitation Permit Application,"Application for permit to possess/treat wildlife for rehabilitation; includes eligibility, certification, and accessibility notes.",PDF,https://dlnr.hawaii.gov/dofaw/files/2021/08/Wildlife-Rehabilitation-Permit-Application.pdf,,,
Hawaii,Health/Adverse Events,Developmental Disabilities Division,Adverse Events Report Form (AER),DOCX format adverse event report for persons served in the developmental disabilities system; remediation priority.,DOCX,https://health.hawaii.gov/ddd/files/2022/07/AER-Form-28-3-revised-06.22-FINAL-protected-fillable.docx,,,
Hawaii,Background/Employment Checks,BESSD,Dept. of Human Services,Consent to Release for Background Clearances,DOC,https://humanservices.hawaii.gov/bessd/files/2016/09/DHS-948-Consent-to-Release-for-Background-Clearances-9-2016-DHS-Website.doc,,,
Hawaii,Workforce/Training,Workforce Development Division,ETF Employer Referral Forms and Instructions,PDF packet for employers seeking training subsidies; includes alternate format and ADA accessibility statements.,PDF,https://labor.hawaii.gov/wdd/files/2024/04/ETF-Employer-Referral-Forms-and-Instructions-Fillable-Rev.-April-2024.pdf,,,
Hawaii,Gov Procurement/Certification,Dept. Human Resources,Renewal Certification Statement for Procurement,DOCX form for procurement-related renewal of certification (compliance/remediation priority in public contracts).,DOCX,https://dhrd.hawaii.gov/wp-content/uploads/2012/10/HRD282R_.docx,,,
Idaho,Disability/Medical,Department of Fish & Game,Certification of Permanent Disability,For resident licensed fishing/hunting; requires physician/PA/NP certification—legal/statutory language and eligibility explained.,PDF,https://idfg.idaho.gov/sites/default/files/form-disability-permanent-certification.pdf,,,
Idaho,Disability/Legal,Idaho State Bar,Learning Disability Accommodation Request (RA Form C),"Form for attorney exam accommodations, must have clinical psychologist or physician attestation for disability claim.",PDF,https://isb.idaho.gov/wp-content/uploads/ra_form_c_learning_disability.pdf,,,
Idaho,Workforce/Development,Workforce Development Council,Workforce Guidance Council Packet,"Contains guidance, applications, documentation, and context—emphasizes disability access/participation, program documentation.",PDF,https://wdc.idaho.gov/wp-content/uploads/2022/10/Council-Packet-12-16-21.pdf,,,
Idaho,Rehabilitation,Division of Vocational Rehabilitation,Community Rehabilitation Programs Manual,"Manual covering program rules, eligibility, forms—intake, guidance, report templates for state vocational/rehab providers.",PDF,https://vr.idaho.gov/wp-content/uploads/2024/CRP_Uploads/CRP_Manual-v.-2.3-November-2024.pdf,,,
Idaho,Education/Special Needs,State Department of Education,Sample Restraint and Seclusion Reporting,"DOCX example for school districts to report/describe restraint of students—accessibility notes, federal/state compliance focus.",DOCX,https://www.sde.idaho.gov/wp-content/uploads/2025/06/Sample-Restraint-and-Seclusion-Reporting-Form.docx,,,
Idaho,Transportation/Auto,Idaho Transportation Department,Application for Certificate of Title (ITD 3337),"Electronic or paper form for titling vehicles; designed for electronic submission/printing, accessible field structure.",PDF,https://itd.idaho.gov/wp-content/uploads/2016/06/3337.pdf,,,
Idaho,Legal/Judicial,Idaho Supreme Court/GAL,Sample Permanency Report - Guardian ad Litem,MS Word sample form/guide for child/family law cases—used by attorneys and social workers for accessibility/remediation.,DOC,https://isc.idaho.gov/gal/forms/permanency_report-affadavit.doc,,,
Idaho,Legal/Criminal,Idaho Supreme Court,Complaint Form - Idaho State Police,"DOC format; accessible, field-based complaint form for use by public for discrimination, excessive force, or ADA issues.",DOC,https://isp.idaho.gov/wp-content/uploads/Districts/EHF-03-02-01-Complaint-Form.doc,,,
Idaho,Human Resources,Department of Human Resources,Classification Review Request Form,"State employees/applicants request classification changes, ADA or medical accommodation requests included.",PDF,https://dhr.idaho.gov/classification-review-request-form_updated/,,,
Idaho,Legal/Process Service,Department of Corrections,Process Service Documentation,DOCX form for legal/law enforcement use when documenting legal service of process/access; includes accessibility statement.,DOCX,https://forms-idoc.idaho.gov/WebLink/0/edoc/281918/Process%20Service%20Documentation%20Form.docx,,,
Illinois,Disability/Workforce,Dept. of Employment Security,Application for Disability Benefits and Unemployment,"Comprehensive packet for Illinois workers seeking disability and/or unemployment payments, includes physician certification.",PDF,https://www2.illinois.gov/ides/IDES%20Forms%20and%20Publications/CLI101.pdf,,,
Illinois,Disability/Legal,Secretary of State,Verification for Persons with Disabilities Parking Placard,"Physician-completed form to certify medical disability for accessible parking privileges, available as fillable PDF.",PDF,https://www.cyberdriveillinois.com/publications/pdf_publications/vsd62.pdf,,,
Illinois,Disability/Vocational,Dept. of Human Services,Vocational Rehabilitation Application Packet,"Full intake/eligibility PDF for state VR programs covering all major disability types—accommodations, interpreter, alternate formats.",PDF,https://www.dhs.state.il.us/OneNetLibrary/27897/documents/Forms/VR/IL444-4028.pdf,,,
Illinois,Health/Insurance,Dept. of Insurance,Medicare Supplement Policyholder Complaint,Paper/PDF complaint form for medical insurance or disability insurance issues with external carrier.,PDF,https://insurance.illinois.gov/Applications/ComplaintForms/MedSupCompForm.pdf,,,
Illinois,Legal/Access,Governor's Office,ADA Grievance Form for State Services,"PDF/HTML fill-in, covers all ADA program grievances for state services, employment, public accommodations, electronic/IT accessibility. Online and printable.",PDF,https://www2.illinois.gov/sites/gac/Documents/ADA%20Grievance%20Form.pdf,,,
Illinois,Disability/Child Benefits,Dept. of Human Services,Request for Reasonable Accommodation in Child Support,"Request for ADA modifications form for custodial/non-custodial parents; covers physical access, interpreters, alternate document formats.",PDF,https://www.dhs.state.il.us/OneNetLibrary/27897/documents/Forms/IL444-3886.pdf,,,
Illinois,Transportation/Paratransit,Secretary of State,Public Paratransit Application,MS Word form for paratransit services for persons with disabilities; requires provider/agency completion. Remediation priority.,DOC,https://www.cyberdriveillinois.com/publications/pdf_publications/vsd622c.pdf,,,
Illinois,Employment/Personnel,Dept. of Central Management Services,CMS100 Employment Application,"The statewide employment application (fillable accessible PDF)—used for any state job candidate, includes disability accommodations checklist.",PDF,https://www2.illinois.gov/cms/Documents/CMS100.pdf,,,
Illinois,Education/SpecialEd,Board of Education,IEP Parent Notification and Consent Forms,"PDF book with all latest (2024) IEP/child special education eligibility, parent rights, interpreter/translation referrals.",PDF,https://www.isbe.net/Documents/IEP_Parent_Notification_Forms.pdf,,,
Illinois,Disability/Interpreter,Dept. of Human Services,Interpreter Services Agreement,DOCX agreement for qualified interpreters contracting with state disability programs; accessibility for contracts/support.,DOCX,https://www.dhs.state.il.us/OneNetLibrary/27897/documents/Forms/IL444-3890-S.docx,,,
Indiana,Disability/Developmental,Family & Social Services Admin,Bureau of Developmental Disabilities Intake Application,"Fillable PDF—central form for intake into services, overlays medical, eligibility, and support in a single document.",PDF,https://www.in.gov/fssa/files/BDDS_Intake.pdf,,,
Indiana,Disability/Workforce/Labor,Dept. of Workforce Development,UC-1 Employer’s Notice of Potential Chargeback Disability/UC,Printable PDF for employers to report potential unemployment and disability benefit claims with full accommodation guidance.,PDF,https://www.in.gov/dwd/files/UC1.pdf,,,
Indiana,Disability/Medical,Family & Social Services Admin,Medical Review Team Disability Determination,Fillable PDF for use when DSS requests state-level disability determination for public benefits.,PDF,https://secure.in.gov/apps/fssa/disabilityfundingforms/disabilityreview.aspx,,,
Indiana,Disability/Legal,State Personnel Dept.,ADA Reasonable Accommodation Request,"Fillable PDF/HTML for state employees or jobseekers; offers alternate formats, interpreter scheduling, and accessibility specifications for all state jobs.",PDF,https://www.in.gov/spd/files/State%20of%20Indiana%20ADA%20Reasonable%20Accommodation%20Form.pdf,,,
Indiana,Disability/Education,Dept. of Education,Pre-Employment Transition Intake (Voc. Rehab Students),PDF for students with disabilities to begin pre-employment and job skills training requests. Accessible for screen readers.,PDF,https://www.in.gov/vr/files/Student_Intake_Form.pdf,,,
Indiana,Workforce,Dept. of Workforce Development,Workforce Services Program Eligibility Application,"Central PDF for all employment, retraining, and labor support services; substantial accommodation section for disabilities.",PDF,https://www.in.gov/dwd/files/Service_Eligibility_Application.pdf,,,
Indiana,Disability/DMV,Dept. of Motor Vehicles,Application for Disability Parking Placard or License Plates,MSWord DOC form for individuals and providers to submit official parking/disability placard applications. Remediation priority.,DOC,https://www.in.gov/bmv/files/State_Form_42070.doc,,,
Indiana,Vocational Rehabilitation,Family & Social Services Admin,Personal Identification for VR Clients,MS Word/DOCX verification/identification document required for VR eligibility.,DOC,https://www.in.gov/fssa/files/VR-Personal-Identification.docx,,,
Iowa,Disability/Medical,POLICY & PROCEDURE,Disability Report for Medical/Psychological Review,"PDF with physician and psychologist statements for access, public benefit, or rehabilitation claim eligibility.",PDF,https://dhs.iowa.gov/sites/default/files/470-2486.pdf,,,
Iowa,Workforce/Disability,Workforce Development,Job Accommodation Request (WIOA/State/VR),"Fillable PDF state-approved accommodations form for any employment, workforce, or training provider. Accessibility options explicit.",PDF,https://www.iowaworkforcedevelopment.gov/sites/search.iowaworkforcedevelopment.gov/files/job-accommodation-request.pdf,,,
Iowa,Vocational Rehabilitation,Dept. for the Blind,Participant Application for Employment Assistance,DOC application packet for people with blindness/visual disabilities to access employment services (WIOA/VR/Title I). Remediation priority.,DOC,https://blind.iowa.gov/sites/default/files/documents/23/10/dsb-application-employment.dot,,,
Iowa,Disability/Health,Dept. of Public Health,Adult Health History/Disability Record,Fillable disability/medical record for adults; explicit privacy/ADA fields for state benefits and court-mandated services.,PDF,https://idph.iowa.gov/Portals/1/Files/ADULT%20HEALTH%20HISTORY%20FORM.pdf,,,
Iowa,Education/SpecialEd,Dept. of Education,IEP/Section 504 Parent Consent and Eligibility Forms,"PDF forms, state-wide, for parents of children seeking IEP or Section 504 service eligibility. Accessibility tags included.",PDF,https://educateiowa.gov/sites/default/files/documents/ParentConsent_IEPSection504.pdf,,,
Iowa,DMV/Disability,Dept. of Transportation,Application for Persons With Disabilities Parking Permit,"Main parking permit form for Iowa residents—fillable, screen-reader accessible.",PDF,https://iowadot.gov/mvd//forms/411055.pdf,,,
Iowa,Judicial/Disability,Judicial Branch,ADA Accommodation Request (State Courts),Printable court-request ADA request for all public-facing court services.,PDF,https://www.iowacourts.gov/static/media/cms/ADA_Accommodation_Request_Form_29E01DE6C67F9.pdf,,,
Iowa,Disability/Child Welfare,Dept. of Human Services,Family & Children's Disability Intake/Referrals,"Full packet for disability classification in child/family services (DOC), remediation priority.",DOC,https://dhs.iowa.gov/forms/Disability-Referral-Form.doc,,,
Kansas,Disability/Workforce,Dept. for Children & Families,Pre-Employment Transition Intake Application,"Central disability/transition application for VR, workforce, and training supports.",PDF,https://www.dcf.ks.gov/services/Rs/Documents/SRC%20Forms/Pre-Employment%20Transition%20Services%20Referral%20Form.pdf,,,
Kansas,Disability Services,/Medicaid/Special Needs,Dept. for Aging & Disability Services,Medical Necessity/Disability Certification,PDF,https://kdads.ks.gov/docs/default-source/General-Provider-Pages/DD-Home-and-Community-Based-Services-(HCBS)/Forms/Disability_Determination_Form.pdf,,,
Kansas,Legal/Disability,Judicial Branch,ADA Accommodation/Access Request (Courts),"Printable and online official accommodation request for court users, legal professionals, and public accommodations. Strong accessibility fields.",PDF,https://www.kscourts.org/KSCourts/media/KsCourts/Public/ADA-Accommodation-Request-Form.pdf,,,
Kansas,Disability/DMV,Dept. of Revenue,Disabled Parking Application/Placard/Vehicle Registration,"Fillable all-in-one parking placard, vehicle registration, and medical eligibility packet; covers all Kansas residents.",PDF,https://www.ksrevenue.org/pdf/mobility.pdf,,,
Kansas,Vocational Rehabilitation,Dept. for Children & Families,Employment Services Application,Printable or DOC employment/rehabilitation eligibility intake; Ada formats and alternate languages available.,DOC,https://www.dcf.ks.gov/services/Rs/Documents/RS%20Forms/Employment_Services_Application.doc,,,
Kansas,Education/SpecialEd,Dept. of Education,IEP/Section 504 Forms,"Statewide IEP/504 eligibility and procedural forms, updated for 2025.",PDF,https://www.ksde.org/Portals/0/SES/forms/IEP_Section504_Form.pdf,,,
Kansas,Disability/HR/Personnel,Dept. of Administration,Reasonable Accommodation Request (Internal Personnel Only),"Fillable PDF for state employee disability accommodations; scheduling, interpreter, or tech modifications.",PDF,https://admin.ks.gov/docs/default-source/ps/forms/ps-14.pdf,,,
Kentucky,Disability/Workforce,Workforce Development Cabinet,Eligibility Verification—Disability/Training Providers,"PDF, WIOA/state adult program; covers eligibility for workforce or VR services.",PDF,https://kcc.ky.gov/Training-and-Employment/SiteAssets/Pages/Provider-Forms/DisabilityCertification.pdf,,,
Kentucky,Disability/Medical,Department for Medicaid Services,Disability Medical Certification Form,"PDF for Medicaid, state employment, or benefits (doctor-completed).",PDF,https://chfs.ky.gov/agencies/dms/member/Documents/disabilitycert.pdf,,,
Kentucky,Vocational Rehabilitation,Office of Vocational Rehabilitation,Intake Application for VR Services,Fillable PDF plus parent/guardian docs for special needs applicants.,PDF,https://kcc.ky.gov/vocational-rehabilitation/Documents/VRIntakeApplication.pdf,,,
Kentucky,Disability/Legal,Administrative Office of the Courts,ADA Accommodation Request for Court Users,Court system accommodation request for persons with disabilities; printable and electronic signature fields.,PDF,https://kycourts.gov/Legal-Forms/ACD-28.pdf,,,
Kentucky,Education/SpecialEd,Dept. of Education,Arc Submission and Prior Written Notice—IEP,"Parent/teacher ARC submission for students with disabilities, covers all IDEA and 504 legal issues.",PDF,https://education.ky.gov/specialed/IEP/Forms/IEP_ARC_Form.pdf,,,
Kentucky,DMV/Disability,Transportation Cabinet,Disabled Person’s Parking Affidavit,"Application for accessible parking placards, wheelchair/scooter spaces, etc.; fillable field structure.",PDF,https://transportation.ky.gov/Organizational-Resources/Forms/TC%2094-204.pdf,,,
Kentucky,Workforce/UI,Office of Unemployment Insurance,Unemployment Benefits Claim Application,"UI application, ADA/alternate formats notice at top, fillable and online options.",PDF,https://kcc.ky.gov/career/Unemployment-Insurance/Documents/Unemployment%20Insurance%20Application.pdf,,,
Kentucky,Legal/Elder/Benefit,Dept. of Aging & Independent Living,"Legal Services Intake—Elder, Disabled, Low-Income","DOCX intake for low-income, senior, and persons with disabilities regarding elder law, protective orders, and appeals.",DOCX,https://chfs.ky.gov/agencies/dail/Documents/LegalServicesIntakeForm.docx,,,
Louisiana,Disability/Workforce,Louisiana Workforce Commission,Disability/Unemployment Application,"State UI and disability claims, alternate formats available via request.",PDF,https://www.laworks.net/Downloads/Forms/UI-3_Application.pdf,,,
Louisiana,Disability/Medical,Dept. of Health,Medical Eligibility for Disability Services,"Intake and medical provider forms for Medicaid, SNAP, and disability public benefit programs.",PDF,https://ldh.la.gov/assets/docs/medicaid/servicesso.pdf,,,
Louisiana,Vocational Rehabilitation,Dept. of Health-Vocational Rehab,Application for VR Services,"Disability documentation, intake, and employment service forms in PDF format.",PDF,https://ldh.la.gov/assets/VR/vr_application.pdf,,,
Louisiana,Disability/Legal,Office for Citizens with Developmental Disabilities,Request for Accommodation—Public Agency,"PDF, fillable for ADA, interpreter, alternate format, or grievance/complaint process.",PDF,https://ldh.la.gov/assets/ocdd/ADA_Accommodation_Request_Form.pdf,,,
Louisiana,DMV/Disability,Office of Motor Vehicles,Disabled Person’s Parking Affidavit,Printable application for handicapped/disabled parking privileges in Louisiana.,PDF,https://www.dps.louisiana.gov/OMVForms/DisabilityParkingAffidavit.pdf,,,
Louisiana,Education/SpecialEd,Dept. of Education,IEP/504 Accommodations Forms,Packet for special education and Section 504 disability service eligibility.,PDF,https://www.louisianabelieves.com/docs/default-source/teacher-toolbox-resources/special-education-section-504-form.pdf,,,
Louisiana,Workforce/Labor,Dept. of Labor,Workforce Employment Application,Electronic fillable UI/workforce training application for persons with disabilities.,PDF,https://www.laworks.net/Downloads/Forms/UI-3B_Application.pdf,,,
Louisiana,Legal/Elder,Dept. of Health-Aging Services,Legal Services Intake—Elder/Disabled,"DOCX intake for elder law, legal aid, and disability benefit assessments (remediation priority).",DOCX,https://ldh.la.gov/assets/docs/Aging_Services/LegalIntakeForm.docx,,,
Maine,Disability/Medical,Dept. of Health & Human Services,Disability Determination for Medical Assistance,"PDF for eligibility in MaineCare/Medicaid, accessible for persons with physical/mental disabilities.",PDF,https://www.maine.gov/dhhs/forms/disability-determination.pdf,,,
Maine,Disability/Workforce,Dept. of Labor,Workforce/Unemployment Application,"Application for Maine Workforce Services, UI, and ADA accommodation requests.",PDF,https://www.maine.gov/labor/forms/unemployment-application.pdf,,,
Maine,Vocational Rehabilitation,Division of Vocational Rehabilitation,VR Services Intake Application,"Fillable VR packet for individuals with disabilities (adults, youth, special needs).",PDF,https://www.maine.gov/rehab/forms/VRIntake.pdf,,,
Maine,Disability/Legal,Judicial Branch,ADA Accommodation Request (Courts/Public),"Fillable ADA request for court access, interpreter, and alternate formats.",PDF,https://www.courts.maine.gov/forms/ada-request-form.pdf,,,
Maine,DMV/Disability,Secretary of State,Disabled Parking Permit Application,Full application for vehicle/parking privileges with medical certification section.,PDF,https://www.maine.gov/sos/forms/disabledparking.pdf,,,
Maine,Education/SpecialEd,Dept. of Education,"Special Ed, IEP/504 Forms - 2025",Packet for IDEA/IEP documentation and Section 504 eligibility.,PDF,https://www.maine.gov/doe/forms/specialed-504.pdf,,,
Maine,Legal/Elder,Dept. of Health-Aging Services,Legal Intake—Elder/Disabled,"DOCX intake, legal services, and benefit dispute submissions.",DOCX,https://www.maine.gov/legalservices-intake.docx,,,
Maryland,Disability/Medical,Dept. of Health,Disability Medical Certification for Medicaid,For healthcare providers certifying eligibility for Medical Assistance (Medicaid) disability benefits.,PDF,https://health.maryland.gov/docs/medicaid/DisabilityCertificationForm.pdf,,,
Maryland,Disability/Workforce,Dept. of Labor,Disability/Workforce Training Application,Claim packet for workforce or training program access with accommodations request.,PDF,https://www.dllr.state.md.us/forms/workforce-disability-application.pdf,,,
Maryland,Vocational Rehabilitation,Division of Rehabilitation Services,Vocational Rehabilitation Intake Forms,"Full packet with VR eligibility, intake, and employment assessment.",PDF,https://dors.maryland.gov/forms/VRIntake.pdf,,,
Maryland,Disability/Legal,Judiciary,ADA Accommodation Request (Courts),Printable ADA request form for anyone interacting with Maryland courts.,PDF,https://mdcourts.gov/sites/default/files/import/legalforms/ada.pdf,,,
Maryland,DMV/Disability,Motor Vehicle Administration,Application for Disabled Parking Placard/License Plate,Primary placard application with full accessibility note for individuals and organizations.,PDF,https://mva.maryland.gov/Documents/DisabledParkingForm.pdf,,,
Maryland,Education/SpecialEd,Dept. of Education,IEP/504 Forms Packet - 2025,"IEP/504 forms and instructions for parents, guardians, and special ed teachers.",PDF,https://marylandpublicschools.org/forms/iep504-forms.pdf,,,
Maryland,Legal/Elder,Dept. of Aging,Legal Services Intake—Elder/Disabled,DOCX intake for elder law and disability benefit matters—remediation target.,DOCX,https://aging.maryland.gov/forms/LegalIntakeForm.docx,,,
Massachusetts,Disability/Workforce,Dept. of Workforce Development,Workforce Disability Services Application,"Fillable PDF for MA Workforce/Unemployment Services, ADA/alternate formats note.",PDF,https://www.mass.gov/doc/workforce-application-disability.pdf,,,
Massachusetts,Disability/Medical,Dept. of Health & Human Services,Disability Certification—MassHealth/Medicare,"Medical provider certification required for MassHealth, SSI, and major public benefits.",PDF,https://www.mass.gov/doc/DisabilityCertificationForm.pdf,,,
Massachusetts,Vocational Rehabilitation,Mass Rehab Commission,Application for VR Services,"Primary intake, eligibility, and medical documentation PDF for VR Programs.",PDF,https://www.mass.gov/doc/VRApplication.pdf,,,
Massachusetts,Disability/Legal,Judicial Branch,ADA Accommodation & Grievance Request—Courts,PDF form for requesting ADA accommodations or submitting court grievances.,PDF,https://www.mass.gov/doc/ADAAccommodationGrievanceRequestCourt.pdf,,,
Massachusetts,Education/SpecialEd,Dept. of Education,IEP/504 Forms—2025,"Parent, teacher, and student forms for special ed and Section 504.",PDF,https://www.doe.mass.edu/forms/iep-forms.pdf,,,
Massachusetts,DMV/Disability,Registry of Motor Vehicles,Disabled Parking Placard/Plate Application,"Accessible, fillable parking application for MA residents with disabilities.",PDF,https://www.mass.gov/doc/DisabledParkingPlacardPlateApplication.pdf,,,
Massachusetts,Legal/Elder,Dept. of Elder Affairs,Legal Intake—Elder/Disabled,DOCX intake for elder/disability legal aid cases—remediation priority.,DOCX,https://elderaffairs.mass.gov/LegalIntakeForm.docx,,,
Michigan,Disability/Workforce,Dept. of Labor & Economic Opportunity,Workforce Disability Benefits Application,Full unemployment and workforce training application for Michigan residents. ADA statement included.,PDF,https://www.michigan.gov/leo/-/media/Project/Websites/leo/Documents/WDA/forms/Disability-Workforce-Application.pdf,,,
Michigan,Disability/Medical,Dept. of Health & Human Services,Disability Certification/Provider Form,PDF for Medicaid/SSI/Disability program eligibility.,PDF,https://www.michigan.gov/-/media/Project/Websites/michigan/Documents/DisabilityCertificationForm.pdf,,,
Michigan,Vocational Rehabilitation,Dept. of Health & Human Services,VR Services Intake Application,Fillable VR intake with employment and accessibility fields.,PDF,https://www.michigan.gov/documents/mdhhs/VRServicesIntakeForm.pdf,,,
Michigan,Disability/Legal,Judicial Branch,ADA Accommodation/Grievance Request—Courts,"Statewide ADA request for public services, legal, and court filings.",PDF,https://courts.michigan.gov/forms/ADAAccommodationRequest.pdf,,,
Michigan,Education/SpecialEd,Dept. of Education,IEP/504 Packet—2025,IDEA/IEP/Section 504 forms and parent/student handbook.,PDF,https://www.michigan.gov/documents/mde/IEPForms2025.pdf,,,
Michigan,DMV/Disability,Secretary of State,Parking Placard/Plate Disability Application,Primary parking placard and accessible vehicle plate application.,PDF,https://www.michigan.gov/-/media/Project/Websites/sos/Forms/DisabilityParkingPlacardPlateApplication.pdf,,,
Michigan,Legal/Elder,Dept. of Aging,Legal Intake—Elder/Disabled,"DOCX intake for elder/disability legal issues, benefits disputes, and documentation (remediation target).",DOCX,https://www.michigan.gov/documents/aging/LegalServicesIntake.docx,,,
Minnesota,Disability/Medical,Dept. of Health,Disability Certification/Provider Form,"Fillable PDF for disability eligibility from healthcare provider (state, Medicaid, unemployment, public assistance).",PDF,https://www.health.state.mn.us/forms/disability-certification.pdf,,,
Minnesota,Disability/Workforce,Dept. of Employment & Economic Development,Disability Benefits Application/Workforce Intake,"Comprehensive intake for Minnesota Workforce, UI, VR, and ADA.",PDF,https://mn.gov/deed/assets/workforce-disability-application_tcm1045-132864.pdf,,,
Minnesota,Vocational Rehabilitation,Dept. of Employment & Economic Development,VR Services Client Intake Application,"Fillable VR application for disabled, adult, youth, or special needs.",PDF,https://mn.gov/vocrehab/docs/VRServicesIntake.pdf,,,
Minnesota,Disability/Legal,Judicial Branch,ADA Accommodation/Grievance Request—State Courts,Statewide ADA court request system; printable and online options.,PDF,https://www.mncourts.gov/forms/ADAAccommodationRequest.pdf,,,
Minnesota,Education/SpecialEd,Dept. of Education,IEP/504 Forms—2025,Special ed and Section 504 legal forms for public school districts.,PDF,https://education.mn.gov/IEP504Forms2025.pdf,,,
Minnesota,DMV/Disability,Dept. of Public Safety,Parking Permit/Disability Certification,"Accessible parking permit, placard, or plate application with medical eligibility requirements.",PDF,https://dps.mn.gov/divisions/dvs/forms-documents/Documents/DisabilityParkingApplication.pdf,,,
Minnesota,Legal/Elder,Dept. of Human Services,Legal Intake—Elder/Disabled,DOCX intake for all elder and disability cases—remediation priority.,DOCX,https://mn.gov/dhs/LegalIntakeForm.docx,,,
Mississippi,Disability/Medical,Dept. of Health,Disability/Medical Certification Form,"Used for Medicaid, SNAP, SSI eligibility (doctor-completed)",PDF,https://msdh.ms.gov/disabilitycertificationform.pdf,,,
Mississippi,Disability/Workforce,Dept. of Employment Security,Disability Benefits Application (Workforce/UI),"Printable application for unemployment or disability benefits, ADA format options available.",PDF,https://mdes.ms.gov/forms/disability-workforce-application.pdf,,,
Mississippi,Vocational Rehabilitation,Dept. of Rehabilitation Services,Application for VR Services,"Eligibility and intake for VR, employment, medical documentation included.",PDF,https://www.mdrs.ms.gov/Documents/VRApplication.pdf,,,
Mississippi,Disability/Legal,Judicial Branch,ADA Accommodation Request—Courts,"Fillable, printable request for court accommodations and accessibility aid.",PDF,https://courts.ms.gov/forms/ADAAccommodationRequest.pdf,,,
Mississippi,Education/SpecialEd,Dept. of Education,Academic/Disability Forms—2025,"IEP/Sec 504 eligibility paperwork, fillable and screen-reader friendly.",PDF,https://www.mdek12.org/forms/iep5042025.pdf,,,
Mississippi,DMV/Disability,Dept. of Public Safety,Disabled Parking Permit Application,"All-in-one fillable permit application, with accessibility guidance included.",PDF,https://www.dps.ms.gov/forms/DisabilityParkingApplication.pdf,,,
Mississippi,Legal/Elder,Dept. of Aging,Legal Intake—Elder/Disabled,DOCX intake for elder law and disability public aid issues.,DOCX,https://www.mdhs.ms.gov/legal-intake.docx,,,
Missouri,Disability/Medical,Dept. of Health & Senior Services,Medical Disability Certification,Physician-completed state disability certification for Medicaid and SNAP; alternate formats as needed.,PDF,https://health.mo.gov/forms/disability-certification.pdf,,,
Missouri,Disability/Workforce,Dept. of Labor & Industrial Relations,UI/Workforce Disability/Unemployment Application,Print or fill online for disability and workforce unemployment initial claims.,PDF,https://labor.mo.gov/forms/UIWorkforceDisabilityApplication.pdf,,,
Missouri,Vocational Rehabilitation,Division of Vocational Rehabilitation,VR Services/Employment Intake Application,"Printable PDF; covers eligibility, alternate formats, interpreter services, and employment outcome documentation.",PDF,https://dese.mo.gov/forms/VRServicesIntake.pdf,,,
Missouri,Disability/Legal,Judicial Branch,ADA Accommodation/Grievance Request—Legal/Courts,Form for legal users or court visitors to request modifications (online and print).,PDF,https://www.courts.mo.gov/forms/ADAAccommodationRequest.pdf,,,
Missouri,Education/SpecialEd,Dept. of Elementary & Secondary Education,IEP/504 Forms Packet—2025,Comprehensive special ed and Section 504 documentation forms.,PDF,https://dese.mo.gov/forms/IEP504Packet2025.pdf,,,
Missouri,DMV/Disability,Dept. of Revenue,Disabled Person License Plate/Placard Application,"Standardized application for disability/medical permit, screen-reader accessible.",PDF,https://dor.mo.gov/forms/DisabledPersonPlacardApplication.pdf,,,
Missouri,Legal/Elder,Dept. of Health & Senior Services,Legal Intake—Elder/Disabled Public Benefits,DOCX remediation packet for legal aid cases (disability/elder).,DOCX,https://health.mo.gov/legal-intake.docx,,,
Montana,Disability/Medical,Dept. of Public Health & Human Services,Disability/Medical Certification for Public Assistance,"Used for Medicaid, SNAP, and SSI qualification (requires medical/psychologist sign-off).",PDF,https://dphhs.mt.gov/forms/disability-certification.pdf,,,
Montana,Disability/Workforce,Dept. of Labor & Industry,UI/Disability Benefits Application,PDF for initial UI/disability benefit applications and accessibility service selection.,PDF,https://dol.mt.gov/forms/ui-disability-benefits-application.pdf,,,
Montana,Vocational Rehabilitation,Dept. of Public Health & Human Services,VR Program Intake Application,"Eligibility and intake, employment, disability, accommodation requests included.",PDF,https://vr.mt.gov/forms/intake-vr.pdf,,,
Montana,Disability/Legal,Judicial Branch,ADA Accommodation Request—State Courts,Fillable and printable statewide ADA accommodation request.,PDF,https://courts.mt.gov/forms/ADAAccommodationRequest.pdf,,,
Montana,Education/SpecialEd,Dept. of Education,IEP/504 Forms Packet—2025,"State special ed and Section 504 eligibility, updated for school year.",PDF,https://opi.mt.gov/forms/iep504-forms.pdf,,,
Montana,DMV/Disability,Motor Vehicle Division,Disabled Parking Application/Placard,Standard Montana parking permit application for persons with disabilities.,PDF,https://mt.gov/transportation/forms/disabled-parking.pdf,,,
Montana,Legal/Elder,Dept. of Aging & Independent Living,Legal Intake—Elder/Disabled Public Benefits,"DOCX intake packet, remediation priority for accessible legal/elder services.",DOCX,https://dphhs.mt.gov/legal-intake.docx,,,
Nebraska,Disability/Medical,Dept. of Health & Human Services,Disability Determination Medical Statement,"Required medical certification for public benefit programs, ADA/Medicaid, with accessible format field.",PDF,https://dhhs.ne.gov/forms/DisabilityDetMedicalStatement.pdf,,,
Nebraska,Disability/Workforce,Dept. of Labor,Unemployment/Disability Benefits Application,"Fillable PDF for all program intakes (benefits, workforce support, ADA accommodation overview).",PDF,https://dol.nebraska.gov/forms/Unemployment-Disability-Benefits-Application.pdf,,,
Nebraska,Vocational Rehabilitation,Division of Vocational Rehabilitation,VR Program Application/Eligibility Verification,"Eligibility and intake for VR services—disability type, medical attestation, accommodation request.",PDF,https://vr.nebraska.gov/vrforms/ApplicationEligibilityVerification.pdf,,,
Nebraska,Disability/Legal,Judicial Branch,ADA Accommodation Request Court/Public,"Printable, online, and translation (alternative language available) format for accommodation requests.",PDF,https://supremecourt.nebraska.gov/forms/ada-accommodation-request,,,
Nebraska,Education/SpecialEd,Dept. of Education,IEP/Section 504 Forms Packet—2025,Special education & Section 504 statewide forms with accessibility tags.,PDF,https://www.education.ne.gov/forms/iep504forms2025.pdf,,,
Nebraska,DMV/Disability,Dept. of Motor Vehicles,Disabled Parking Permit Application,"All-in-one accessibility packet for DMV permits, physician signature required.",PDF,https://dmv.nebraska.gov/sites/dmv.nebraska.gov/files/files/forms/HandicappedParking.pdf,,,
Nebraska,Legal/Elder,Dept. of Health & Human Services,Legal Intake—Elder/Disabled,"DOCX legal intake packet, remediation for public benefits, fraud, paternity, or health service disputes.",DOCX,https://dhhs.ne.gov/forms/LegalServicesIntake.docx,,,
Nevada,Disability/Medical,Division of Welfare & Supportive Services,Disability/Medical Certification—TANF/SNAP/Medicaid,Requires doctor’s/NP’s/psychologist’s signature to certify ADA and economic benefits eligibility.,PDF,https://dwss.nv.gov/forms/DisabilityMedicalCertificationForm.pdf,,,
Nevada,Disability/Workforce,Dept. of Employment,Training & Rehabilitation,Workforce Disability Intake Packet—UI/ADA/VR,PDF,https://detr.nv.gov/forms/WorkforceDisabilityIntakePacket.pdf,,,
Nevada,Vocational Rehabilitation,Rehabilitation Division,VR/Pre-ETS Student Services Initial Application,Eligibility assessment for all VR and pre-employment transition services (fill/print).,PDF,https://www.nvdetr.org/forms/VRPre-ETSStudentServicesApplicationForm.pdf,,,
Nevada,Disability/Legal,Judicial Branch,ADA Court Accommodation Request,Nevada’s printable/online request for court system accessibility/modification.,PDF,https://nvcourts.gov/forms/adaccommodation,,,
Nevada,Education/SpecialEd,Dept. of Education,IEP/504 Forms—2025,"Special ed/504 forms, sample procedural safeguards, and translations.",PDF,https://doe.nv.gov/forms/IEP504Forms2025.pdf,,,
Nevada,DMV/Disability,Dept. of Motor Vehicles,Disabled Parking Permit Application,Accessible fields and instructions for disabled resident placards.,PDF,https://dmvnv.com/pdfforms/disabledparkingapp.pdf,,,
Nevada,Legal/Elder,Dept. of Health & Human Services,Legal/Elder Disability Intake,"DOCX intake, downloadable from senior and disability services, remediation target.",DOCX,https://dhhs.nv.gov/forms/LegalElderDisabilityIntake.docx,,,
New Hampshire,Disability/Medical,Dept. of Health & Human Services,Disability Medical Determination Form,Medical provider/psychology signature required for all disability program intakes.,PDF,https://www.dhhs.nh.gov/dfa/documents/disability-medical-determination.pdf,,,
New Hampshire,Disability/Workforce,Dept. of Employment Security,Unemployment/Disability Services Program Application,Classic ADA/alternate format intake with accessibility checklist.,PDF,https://www.nhes.nh.gov/nhesforms/ua-application.pdf,,,
New Hampshire,Vocational Rehabilitation,Dept. of Education,VR/Pre-Employment Transition Eligibility Application,"State's fillable pre-ETS/VR application, high accessibility and translations.",PDF,https://www.education.nh.gov/sites/g/files/ehbemt326/files/inline-documents/sonh/vr-pre-employment-training-application.pdf,,,
New Hampshire,Disability/Legal,Judicial Branch,ADA Court Accommodation Request,Standard accommodation/alternate format request for anyone using state courts/interpreters.,PDF,https://www.courts.nh.gov/forms/ada-accommodation-request.pdf,,,
New Hampshire,Education/SpecialEd,Dept. of Education,IEP/504 Forms—2025,Full IEP/Section 504 packet.,PDF,https://www.education.nh.gov/sites/g/files/ehbemt326/files/inline-documents/sonh/iep-forms-2025.pdf,,,
New Hampshire,DMV/Disability,Dept. of Safety,Disabled Parking Permit Application—DMV,"Accessible, certificate-verified parking placard/plate request.",PDF,https://www.nh.gov/safety/divisions/dmv/forms/documents/disabledparking.pdf,,,
New Hampshire,Legal/Elder,Dept. of Health & Human Services,Legal Intake—Elder/Disabled,"DOCX form for all public benefit/legal/elder disputes, remediation priority.",DOCX,https://www.dhhs.nh.gov/forms/legal-intake-elder-disabled.docx,,,
New Jersey,Disability/Medical,Dept. of Human Services,Disability/Medical Certification Form,"Certification required for Medicaid, SNAP, or employment-disability support by physician or provider.",PDF,https://www.state.nj.us/humanservices/forms/disability-medical-certification.pdf,,,
New Jersey,Disability/Workforce,Dept. of Labor & Workforce Development,UI/Disability/Workforce Application,"PDF application for all workforce, UI, and disability accommodations programs.",PDF,https://www.nj.gov/labor/forms/uidisabilityapplication.pdf,,,
New Jersey,Vocational Rehabilitation,Dept. of Vocational Rehabilitation Services,VR Client Intake Packet,"Intake, eligibility, translation, and alternate formats. Links to ADA and VR accommodation processes.",PDF,https://www.state.nj.us/humanservices/forms/vr-intake-packet.pdf,,,
New Jersey,Disability/Legal,Judiciary,Court ADA Accommodation Request,"Fillable and web-based request for interpreter, modification, or alternate format complaint process.",PDF,https://njcourts.gov/forms/ada-accommodation-request,,,
New Jersey,Education/SpecialEd,Dept. of Education,IEP/504 Forms—2025,All Section 504 and IDEA forms updated for current school year.,PDF,https://www.nj.gov/education/forms/iep504-2025.pdf,,,
New Jersey,DMV/Disability,Motor Vehicle Commission,Disabled Parking Permit Application,All-standard ADA-accessible DMV/placard application.,PDF,https://www.nj.gov/mvc/pdf/vehicles/SP-41.pdf,,,
New Jersey,Legal/Elder,Dept. of Human Services,Legal Intake—Elder/Disabled,"DOCX remediation-ready intake, benefits, and complaint documentation.",DOCX,https://www.state.nj.us/humanservices/forms/legal-intake-elder-disabled.docx,,,
New Mexico,Disability/Medical,Dept. of Health,Disability Certification for Medicaid/Employment,"Medical/mental evaluation for social services, adult/child disability programs, or employment training.—Remediation priority.",PDF,https://www.nmhealth.org/publication/view/form/3702/,,,
New Mexico,Disability/Workforce,Dept. of Workforce Solutions,Disability and Workforce Application/Accommodations,"One-stop PDF for UI and workforce training, alternate requests and interpreter info included.",PDF,https://www.dws.state.nm.us/Portals/0/DM-UI-Disability-Accommodations.pdf,,,
New Mexico,Vocational Rehabilitation,Division of Vocational Rehabilitation,VR Services Application & Intake Packet,"Packets, eligibility, and translation for all VR/UI services.",PDF,https://www.dvr.state.nm.us/forms/VRApplIntake.pdf,,,
New Mexico,Disability/Legal,Judicial Branch,ADA Accommodation Request Court/Public,"Court ADA fillable for all users, all locations, translation note.",PDF,https://www.nmcourts.gov/forms/ada-accommodation-request.pdf,,,
New Mexico,Education/SpecialEd,Dept. of Education,IEP/504 Forms Packet—2025,"Full official special ed and Section 504 packet, 2025 edition.",PDF,https://webnew.ped.state.nm.us/bureaus/special-education/forms/iep504packet2025.pdf,,,
New Mexico,DMV/Disability,Motor Vehicle Division,Application for Mobility Impaired (Disabled) Placard/Plate,"Accessible disability parking form, English/Spanish, digital and paper submittal.",PDF,https://www.mvd.newmexico.gov/forms/disabledplacardapp.pdf,,,
New Mexico,Legal/Elder,Dept. of Aging & Long-Term Services,Legal Intake—Elder/Disability,"DOCX intake form, elder law/disability benefits/appeals (remediation focus).",DOCX,https://nmaging.state.nm.us/forms/legalintakeelderdisability.docx,,,
New York,Disability/Medical,Dept. of Health,Disability Certification Application/Provider Form,"Standard for Medicaid, SNAP, SSI, subsidized housing, or employment.",PDF,https://www.health.ny.gov/forms/disability-certification.pdf,,,
New York,Disability/Workforce,Dept. of Labor,Unemployment/Disability Benefits Application,"UI and disability claim form—online and printable versions, with ADA options.",PDF,https://dol.ny.gov/forms/unemployment-disability-application.pdf,,,
New York,Vocational Rehabilitation,Office of Adult Career and Continuing Ed Services,VR Eligibility and Intake Packet,"Full eligibility with disability, employment, and education records.",PDF,https://www.acces.nysed.gov/vr/forms/vr-eligibility-packet.pdf,,,
New York,Disability/Legal,Judicial Branch,ADA Accommodation Request (Courts/Public),Fillable statewide ADA accommodation form with alternate format and interpreter requests (all 62 counties).,PDF,https://www.nycourts.gov/courthelp/ADA/acc-request-form.pdf,,,
New York,Education/SpecialEd,State Education Department,IEP & 504 Parent Consent and Notices,Full packet for parent/student documentation for special education and Section 504.,PDF,https://www.nysed.gov/forms/parentconsent-iep504.pdf,,,
New York,DMV/Disability,Dept. of Motor Vehicles,Application for Parking Permit or License Plates for People with Disabilities,Most-used accessible DMV form in NY—all counties covered; medical and certification sections.,PDF,https://dmv.ny.gov/forms/parking.pdf,,,
New York,Legal/Elder,Office for the Aging,Legal Intake—Elder/Disabled,DOCX/printable intake for legal/public benefit disputes—remediation priority.,DOCX,https://aging.ny.gov/forms/legalintake-elder-disabled.docx,,,
Ohio,Disability/Medical,Dept. of Medicaid,Disability Evaluation/Medical Certification,"For employment, Medicaid, and related DSS programs (fillable PDF/online options).",PDF,https://medicaid.ohio.gov/forms/disability-certification.pdf,,,
Ohio,Disability/Workforce,Dept. of Job & Family Services,UC/Disability/Unemployment Application,"First step for all applicants, with substantial ADA and accessibility guidance.",PDF,https://jfs.ohio.gov/forms/UC-disability-unemployment-application.pdf,,,
Ohio,Vocational Rehabilitation,Opportunities for Ohioans with Disabilities,VR Employment Intake/Eligibility,"Fillable PDF, alternate format available—medical, functional, and accommodations sections.",PDF,https://ood.ohio.gov/wps/wcm/connect/gov/ood/forms/vr-employment-application.pdf,,,
Ohio,Disability/Legal,Judicial Branch,ADA Accommodation Request Court/Public,"Statewide ADA modifications and interpreter request, with translation included in all regions.",PDF,https://www.supremecourt.ohio.gov/forms/adaAccommodationForm.pdf,,,
Ohio,Education/SpecialEd,Dept. of Education,IEP & Section 504 Processing (Parent Forms),"Updated annual IEP packet, with accessibility/alternate language statements.",PDF,https://education.ohio.gov/forms/IEP504ParentForms.pdf,,,
Ohio,DMV/Disability,Bureau of Motor Vehicles,Disability Parking Placard Application,"For individuals and organizations, fillable and accessible, with all medical validation required.",PDF,https://www.bmv.ohio.gov/doc-forms/DisabilityParkingPlacard.pdf,,,
Ohio,Legal/Elder,Dept. of Aging,Legal Intake—Elder/Disabled,DOCX legal/remediation packet for public benefit and health access complaints/appeals.,DOCX,https://aging.ohio.gov/forms/LegalIntakeElderDisabled.docx,,,
Oklahoma,Disability/Medical,Dept. of Human Services,Disability Physician Certification Form,"For all adult/child Medicaid, SNAP, and public disability determinations.",PDF,https://oklahoma.gov/okdhs/documents/disability-physician-certification.pdf,,,
Oklahoma,Disability/Workforce,Employment Security Commission,UI & Disability Workforce Benefits Application,"Central filling, covers workforce, unemployment, and accommodations.",PDF,https://www.ok.gov/oesc_forms/UI-Disability-App.pdf,,,
Oklahoma,Vocational Rehabilitation,Dept. of Rehabilitation Services,VR Intake/Eligibility Packet,Printable forms translation and alternate language/ADA options included.,PDF,https://www.okdrs.gov/forms/VR-Eligibility-Intake.pdf,,,
Oklahoma,Disability/Legal,Court System,ADA Accommodation/Interpreter Request—Courts,"Standard for all court users/public, printable and e-form access.",PDF,https://www.oscn.net/forms/ADAAccommodationRequest.pdf,,,
Oklahoma,Education/SpecialEd,State Dept. of Education,IEP/504 Forms Packet 2025,"Parent/teacher/student disability, IEP, and Section 504 packet.",PDF,https://sde.ok.gov/forms/iep-504-packet.pdf,,,
Oklahoma,DMV/Disability,Dept. of Public Safety,Disability Parking Permit Application,Fill-in ADA printable for all DMV/plate/disability permit uses.,PDF,https://oklahoma.gov/dps/documents/disability-parking-application.pdf,,,
Oklahoma,Legal/Elder,Dept. of Human Services,Legal Intake—Elderly & Disabled,"DOCX remediation-intake, health access and public benefit legal matters.",DOCX,https://oklahoma.gov/okdhs/documents/legal-elder-disabled-intake.docx,,,
Oregon,Disability/Medical,Dept. of Human Services,Disability/Medical Certification Packet,"Multi-purpose certification for SNAP, Medicaid, state benefits—fillable, accessible PDF.",PDF,https://www.oregon.gov/dhs/Forms/Disability-Medical-Certification.pdf,,,
Oregon,Disability/Workforce,Employment Dept.,UI & Disability Workforce Intake Application,All unemployment/workforce benefit application—accommodations at every step.,PDF,https://www.oregon.gov/employ/Unemployment-Disability-Benefits-Application.pdf,,,
Oregon,Vocational Rehabilitation,Vocational Rehabilitation Services,VR Application—Employment & Services,"ADA-accessible PDF, alternate submission modes for disabled, translation note.",PDF,https://www.oregon.gov/dhs/vr/Documents/VR-Employment-Services-Application.pdf,,,
Oregon,Disability/Legal,Judicial Department,Courts ADA Accommodation & Interpreter Request,"Statewide assistive technology, language, modification, and accessibility request form.",PDF,https://www.courts.oregon.gov/forms/Documents/ADA-Accommodation-Request.pdf,,,
Oregon,Education/SpecialEd,Dept. of Education,IEP/504 Parent/Teacher Packet—2025,IEP/504 record—parent and teacher documentation for all Oregon schools.,PDF,https://www.oregon.gov/ode/forms/iep504-packet2025.pdf,,,
Oregon,DMV/Disability,Division of Motor Vehicles,Parking Permit/Disability Placard Application,"Accessible and screen-reader enabled, for all plates/placards/disability documentation.",PDF,https://www.oregon.gov/ODOT/DMV/docs/disability-parking-permit.pdf,,,
Oregon,Legal/Elder,Dept. of Human Services,Legal Intake/Remediation—Elder/Disabled,"DOCX intake for all public aid, health, nursing home, and disability legal work (remediation).",DOCX,https://www.oregon.gov/dhs/Forms/LegalIntakeElderDisabled.docx,,,
Pennsylvania,Disability/Medical,Dept. of Human Services,Disability Medical Assessment Form,"Physician assessment required for Medicaid, SSI, and related state benefits. Accessible/fillable print.",PDF,https://www.dhs.pa.gov/forms/disability-medical-assessment.pdf,,,
Pennsylvania,Disability/Workforce,Dept. of Labor & Industry,Workforce Benefits Application—Workforce/ADA,"UI, WIOA, and workforce services packet—accessible PDF and translations.",PDF,https://www.dli.pa.gov/forms/Documents/UI/Disability-ADA-Services-Application.pdf,,,
Pennsylvania,Vocational Rehabilitation,Office of Vocational Rehabilitation,VR Intake/Eligibility Packet,PDF eligibility/evaluation packet for all disabled and youth-adult VR applicants.,PDF,https://www.dli.pa.gov/Individuals/Disability-Services/Documents/VR-eligibility-intake.pdf,,,
Pennsylvania,Disability/Legal,Unified Judicial System,ADA Accommodation/Interpreter Request—Courts,Main accommodation/interpreter/alternate format request for all state courts/pub services.,PDF,https://www.pacourts.us/assets/files/ADA-Accommodation-Request.pdf,,,
Pennsylvania,Education/SpecialEd,Dept. of Education,IEP/504 Parent/Guardian Forms—2025,"Special education, IDEA, 504 eligibility, parent, and interpreter filings.",PDF,https://www.education.pa.gov/forms/IEP504Parents2025.pdf,,,
Pennsylvania,DMV/Disability,Dept. of Transportation,Disabled Parking Placard/Plate Application,"Accessible, fillable PDF for all individuals/organizations with disability parking privileges.",PDF,https://www.dot.state.pa.us/public/pdf/DisabilityParkingPlacard.pdf,,,
Pennsylvania,Legal/Elder,Dept. of Aging,Legal Intake—Elder/Disabled,"DOCX intake for all legal work/public benefit for elders and disabled, flagged for remediation.",DOCX,https://www.aging.pa.gov/forms/LegalIntakeElderDisabled.docx,,,
Rhode Island,Disability/Medical,Executive Office of Health & Human Services,Disability/Medical Certification Packet,"Medical eligibility for Medicaid, SNAP, and other programs—ADA-checklist attached.",PDF,https://eohhs.ri.gov/forms/DisabilityMedicalCertification.pdf,,,
Rhode Island,Disability/Workforce,Dept. of Labor & Training,Workforce/ADA Application,"All workforce-supporting and disability/benefit applicants use this, compression ADA notice included.",PDF,https://dlt.ri.gov/sites/g/files/xkgbur571/files/2021-06/Workforce-Disability-Application.pdf,,,
Rhode Island,Vocational Rehabilitation,Office of Rehabilitation Services,VR Intake Eligibility Application,"Eligibility, ADA modifications, and translation aid option notes.",PDF,https://ors.ri.gov/documents/vr-intake-application.pdf,,,
Rhode Island,Disability/Legal,Judiciary,Courts ADA Accommodation Form Request,"Universal printable for all court users needing modification, interpreter, or alt format.",PDF,https://www.courts.ri.gov/forms/ADA-Accommodation-Request.pdf,,,
Rhode Island,Education/SpecialEd,Dept. of Education,IEP/504 Packet,"Special education/Section 504 parent, teacher, and service provider packet.",PDF,https://ride.ri.gov/sites/g/files/xkgbur806/files/2022-10/IEP504Packet2025.pdf,,,
Rhode Island,DMV/Disability,Division of Motor Vehicles,Application for Disabled Parking Placard/Plate,Physician and ADA-accessible form with alternate language options.,PDF,https://www.dmv.ri.gov/documents/disabledparkingapp.pdf,,,
Rhode Island,Legal/Elder,Office of Healthy Aging,Elder/Disability Legal Intake/Complaint,"DOCX complaint/intake for elder/disability law, flagged for remediation.",DOCX,https://oha.ri.gov/forms/ElderDisabilityLegalIntake.docx,,,
South Carolina,Disability/Medical,Dept. of Health & Human Services,Disability Medical Assessment Form,"All Medicaid, state DDS requests for disability status, with accessibility option.",PDF,https://www.scdhhs.gov/sites/default/files/Form_Disability_MedicalAssessment.pdf,,,
South Carolina,Disability/Workforce,Dept. of Employment & Workforce,"Unemployment, Workforce, and Disability Benefits Application",Fillable UI and workforce packet with ADA coverage throughout.,PDF,https://dew.sc.gov/forms/ui-workforce-disability.pdf,,,
South Carolina,Vocational Rehabilitation,Dept. of Vocational Rehabilitation,VR Services Client Intake/Eligibility,Fillable and accessible (translation/interpreter checkbox) document.,PDF,https://scvrd.net/wp-content/uploads/VRClientIntakeEligibilityForm.pdf,,,
South Carolina,Disability/Legal,Judicial Branch,Courts ADA Accom./Interpreter Request,Standard for all S.C. court users and professionals (alt-language forms available).,PDF,https://www.sccourts.org/forms/ADAInterpreterRequest.pdf,,,
South Carolina,Education/SpecialEd,Dept. of Education,Special Education IEP/504 Forms—2025,Fully accessible IEP/504 packet.,PDF,https://ed.sc.gov/forms/special-ed-504-packet2025.pdf,,,
South Carolina,DMV/Disability,Department of Motor Vehicles,DMV Disability Parking Placard/Plate Application,"Physician-completed form, includes accommodations and privacy statement.",PDF,https://www.scdmvonline.com/DMVPublic/PublicForms/DisabilityParkingPlacardApplication.pdf,,,
South Carolina,Legal/Elder,Dept. of Aging,Intake for Legal/Elder Disability,"DOCX public benefit and complaint intake, flagged for remediation.",DOCX,https://aging.sc.gov/forms/LegalIntakeElderDisability.docx,,,
South Dakota,Disability/Medical,Dept. of Social Services,Disability Medical Assessment Form,Physician/psychologist assessment for Medicaid/disability and program eligibility.,PDF,https://dss.sd.gov/forms/DisabilityMedicalAssessment.pdf,,,
South Dakota,Disability/Workforce,Dept. of Labor & Regulation,"Unemployment, Disability, Workforce Services Application",Fillable benefit/workforce packet with ADA translation and alternate formats.,PDF,https://dlr.sd.gov/forms/ui-disability-workforce-application.pdf,,,
South Dakota,Vocational Rehabilitation,Division of Rehabilitation Services,VR Intake Application,"Fillable eligibility and employment applicant form, with alternates and interpreter checkboxes.",PDF,https://dhs.sd.gov/forms/VRIntakeApplication.pdf,,,
South Dakota,Disability/Legal,Judiciary,ADA Accommodation & Interpreter Request—S.D. Courts,Universal ADA accommodation/interpreter/alt format request and complaint documentation.,PDF,https://ujs.sd.gov/forms/ADA_Accommodation_Request.pdf,,,
South Dakota,Education/SpecialEd,Dept. of Education,IEP & Section 504 Forms—2025,"Official packet for disability, special ed, and Section 504 documentation (screen-reader formats available).",PDF,https://doe.sd.gov/forms/IEPSection504Forms2025.pdf,,,
South Dakota,DMV/Disability,Dept. of Revenue,Disabled Parking Permit Application,Main accessible DMV/parking plate application with physician medical evaluation attached.,PDF,https://dor.sd.gov/forms/DisabledParkingPermitApplication.pdf,,,
South Dakota,Legal/Elder,Dept. of Social Services,Legal Intake—Elder/Disabled,"DOCX intake, remediation-priority legal complaint, and benefit records.",DOCX,https://dss.sd.gov/forms/LegalIntakeElderDisabled.docx,,,
Tennessee,Disability/Medical,Dept. of Health,Disability/Medical Certification Packet,"Doctor/NP, SSI, Medicaid claim certification with accessibility and translation instructions.",PDF,https://www.tn.gov/content/dam/tn/health/documents/disability-medical-certification-packet.pdf,,,
Tennessee,Disability/Workforce,Dept. of Labor & Workforce Development,Unemployment and Disability Benefits—Workforce Application,"All workforce related ADA and UI/disability claims, alternate formats provided.",PDF,https://www.tn.gov/content/dam/tn/labor/forms/ui-workforce-disability-benefits-application.pdf,,,
Tennessee,Vocational Rehabilitation,Dept. of Human Services,VR Services Intake Application,Eligibility and employment services access packet.,PDF,https://www.tn.gov/content/dam/tn/human-services/forms/VRIntakeApplication.pdf,,,
Tennessee,Disability/Legal,Judicial Branch,ADA Accommodations and Interpreter Request—Courts,Statewide ADA accommodation/alt format request for any public/court participant.,PDF,https://www.tncourts.gov/forms/ada-accommodation-request,,,
Tennessee,Education/SpecialEd,Dept. of Education,"IEP/504 Forms, Parent Consent, Notification—2025","Fully accessible packet for parent, educator, and student disability records.",PDF,https://www.tn.gov/content/dam/tn/education/forms/IEP504Forms2025.pdf,,,
Tennessee,DMV/Disability,Dept. of Safety,Disabled Parking Placard/Plate Permit Application,Accessible application for disabled parking privileges for all citizens.,PDF,https://www.tn.gov/content/dam/tn/safety/forms/DisabilityParkingPlacardApplication.pdf,,,
Tennessee,Legal/Elder,Dept. of Aging,Legal Intake—Elder/Disabled,DOCX complaint/intake for legal and disability benefit services.,DOCX,https://www.tn.gov/content/dam/tn/aging/documents/LegalIntakeElderDisabled.docx,,,
Texas,Disability/Medical,Health & Human Services,Disability / Medical Certification Form,"Doctor/NP sign-off for all Medicaid, SSI, unemployment, and social benefit agencies.",PDF,https://hhs.texas.gov/sites/default/files/documents/forms/disability-certification.pdf,,,
Texas,Disability/Workforce,Workforce Commission,Disability UI and Workforce Application,"Central ADA workforce intake (fillable PDF), alternate formats available (screen-reader, Braille, Spanish, etc.).",PDF,https://twc.texas.gov/files/jobseekers/disability-ui-workforce-application.pdf,,,
Texas,Vocational Rehabilitation,Division for Rehabilitation Services,VR Eligibility Intake Packet,Eligibility forms (fillable PDF or online) for all VR and pre-employment transition services.,PDF,https://www.twc.texas.gov/files/partners/vr-eligibility-intake-packet.pdf,,,
Texas,Disability/Legal,Court System,Courts ADA Accommodation & Interpreter Request,"Universal Texas courts accommodation form (PDF), available in Spanish and alternate language.",PDF,https://www.txcourts.gov/media/ada-accommodation-interpreter-request.pdf,,,
Texas,Education/SpecialEd,State Education Agency,IEP/504 Forms Parent & Teacher Booklet,Annual parent-student disability reporting and consent packet.,PDF,https://tea.texas.gov/sites/default/files/iep504forms2025.pdf,,,
Texas,DMV/Disability,Dept. of Motor Vehicles,Disabled Parking Placard/License Plate Application,"Fillable, physician-verified, ADA-accessible DMV document.",PDF,https://www.txdmv.gov/sites/default/files/forms/DisabilityParkingPlacardApplication.pdf,,,
Texas,Legal/Elder,Dept. of Aging & Disability Services,Legal Intake—Elder/Disabled,"DOCX remediation packet for legal aid, complaints, and benefit resolution.",DOCX,https://hhs.texas.gov/sites/default/files/documents/forms/legal-intake-elder-disabled.docx,,,
Utah,Disability/Medical,Dept. of Health,Disability Medical Certification Form—Medicaid/SSI,"Doctor/NP/mental health provider, Medicaid/SSI eligibility PDF.",PDF,https://health.utah.gov/forms/disability-medical-certification.pdf,,,
Utah,Disability/Workforce,Dept. of Workforce Services,Workforce/Disability Unemployment Intake,Fillable PDF for all UI/disability cases; accessibility and translation statement included.,PDF,https://jobs.utah.gov/forms/workforce-disability-ui-intake.pdf,,,
Utah,Vocational Rehabilitation,Division of Rehabilitation Services,VR Services Intake Eligibility,"Fillable intake application PDF for all persons with disabilities, updates for ADA and translation.",PDF,https://www.usor.utah.gov/forms/vr-intake-application.pdf,,,
Utah,Disability/Legal,Judicial Branch,ADA Accommodation & Interpreter Request Courts/Public,"Universal courts and access request for ADA accommodation/interpreter, print or download.",PDF,https://www.utcourts.gov/forms/ADAAccommodationRequest.pdf,,,
Utah,Education/SpecialEd,State Board of Education,"Section 504, IEP Forms—2025","Full annual packet for educators, parents, legal aid, and ADA specialists.",PDF,https://www.schools.utah.gov/forms/iep504forms2025.pdf,,,
Utah,DMV/Disability,Division of Motor Vehicles,Disabled Parking Permit Application,"Fillable, accessible application for persons with disabilities, with physician verification.",PDF,https://dmv.utah.gov/forms/DisabledParkingPermitApp.pdf,,,
Utah,Legal/Elder,Dept. of Aging,Legal Intake—Elder/Disabled,"DOCX remediation-form for benefit disputes, fraud, long-term care, complaint resolution.",DOCX,https://aging.utah.gov/forms/LegalIntakeElderDisabled.docx,,,
Vermont,Disability/Medical,Dept. of Disabilities,Aging & Independent Living,Disability Certification Application,PDF,https://dail.vermont.gov/forms/disability-certification-application.pdf,,,
Vermont,Disability/Workforce,Dept. of Labor,Unemployment/Workforce Benefits Application,"Fillable PDF for all unemployment, retraining, and ADA accommodations.",PDF,https://labor.vermont.gov/forms/unemployment-workforce-benefits-application.pdf,,,
Vermont,Vocational Rehabilitation,Vocational Rehabilitation Division,VR Eligibility/Intake Application,"Eligibility, ADA services, translation and interpreter fields, fill or download.",PDF,https://vtsrc.org/forms/VR-Eligibility-Intake-Application.pdf,,,
Vermont,Disability/Legal,Judicial Branch,ADA Accommodation & Interpreter Request Courts/Public,"PDF for all court users/interpreters, alternate format and complaint fields included.",PDF,https://www.vermontjudiciary.org/forms/ada-accommodation-request-courts-public.pdf,,,
Vermont,Education/SpecialEd,Agency of Education,IEP/504 Forms – Parent/Teacher Packet,Statewide special education and Section 504 forms for school year.,PDF,https://education.vermont.gov/iep504forms2025.pdf,,,
Vermont,DMV/Disability,Dept. of Motor Vehicles,Disabled Parking Permit Application,"Main ADA/form for accessible parking, physician statement included.",PDF,https://dmv.vermont.gov/sites/dmv/files/documents/DisabledParkingPermitApplication.pdf,,,
Vermont,Legal/Elder,Dept. of Disabilities,Aging & Independent Living,Legal Intake Elder/Disabled,DOCX,https://dail.vermont.gov/forms/legal-intake-elder-disabled.docx,,,
Virginia,Disability/Medical,Dept. of Medical Assistance Services,Disability/Medical Certification Application,"Doctor, NP, and provider-verified, Medicaid/SSI and workforce eligibility.",PDF,https://dmas.virginia.gov/forms/disability-medical-certification-application.pdf,,,
Virginia,Disability/Workforce,Dept. of Aging & Rehabilitative Services,UI/Disability Benefits Application,"Fillable, alternate format benefits, workforce, and ADA accommodation request (full packet)",PDF,https://dars.virginia.gov/forms/ui-disability-benefits-application.pdf,,,
Virginia,Vocational Rehabilitation,Vocational Rehabilitation Services,VR Services Intake/Eligibility Packet,"State VR application: legal, employment, education, and disability fields accessible.",PDF,https://vrservices.dars.virginia.gov/Forms/VRServicesEligibilityPacket.pdf,,,
Virginia,Disability/Legal,Judicial Branch,ADA Accommodation & Interpreter Request—VA Courts,Universal access/alt format/interpreter/modification set for all VA counts.,PDF,https://www.vacourts.gov/forms/ada-accommodation-request.pdf,,,
Virginia,Education/SpecialEd,Dept. of Education,IEP/504 Forms—Parent/Guardian/Teacher Packet,Full Section 504 and IEP annual updates for public schools.,PDF,https://doe.virginia.gov/forms/iep504forms2025.pdf,,,
Virginia,DMV/Disability,Dept. of Motor Vehicles,Disabled Parking Permit/License Plate Application,"Physician-completed ADA application for DMV, plate, tag, and parking.",PDF,https://www.dmv.virginia.gov/webdoc/pdf/vsa54.pdf,,,
Virginia,Legal/Elder,Dept. of Aging & Rehabilitative Services,Legal Intake—Elder/Disabled,DOCX public aid/access and legal intake; remediation priority.,DOCX,https://dars.virginia.gov/forms/legal-intake-elder-disabled.docx,,,
Washington,Disability/Medical,Dept. of Social & Health Services,Disability/Medical Certification Application,Provider and mental health professional certification for Medicaid/SSI and disability programs.,PDF,https://www.dshs.wa.gov/forms/disability-medical-certification.pdf,,,
Washington,Disability/Workforce,Dept. of Employment Security,Workforce/Disability UI/Labor Benefits Application,"Fill, ADA/alternate format available; UI and workforce benefit applicants.",PDF,https://esd.wa.gov/forms/ui-disability-workforce-benefits-application.pdf,,,
Washington,Vocational Rehabilitation,Division of Vocational Rehabilitation,VR Intake/Evaluation Packet,"Eligibility and intake, alternate format, and ADA requests with printable forms.",PDF,https://www.dshs.wa.gov/forms/vr-intake-evaluation.pdf,,,
Washington,Disability/Legal,Administrative Office of the Courts,Court ADA Accommodation & Interpreter Request,Universal printable and online accommodation/interpreter complaint documentation.,PDF,https://www.courts.wa.gov/forms/ada-accommodation.pdf,,,
Washington,Education/SpecialEd,Office of Superintendent of Public Instruction,"IEP/504 Forms—Parent, Teacher Packet","Annual disability and Section 504 parent/teacher/guardian forms, accessibility options.",PDF,https://www.k12.wa.us/forms/iep504forms2025.pdf,,,
Washington,DMV/Disability,Dept. of Licensing,Disabled Parking Permit Application,Fillable/printable with medical/NP/physician sign-off; accessible throughout.,PDF,https://www.dol.wa.gov/forms/disabledparkingpermit.pdf,,,
Washington,Legal/Elder,Dept. of Social & Health Services,Legal Intake—Elder/Disabled,DOCX intake for accessible public aid/complaints.,DOCX,https://www.dshs.wa.gov/forms/legal-intake-elder-disabled.docx,,,
West Virginia,Disability/Medical,Dept. of Health & Human Resources,Disability/Medical Certification Form,"Doctor/NP/mental health professional, Medicaid/SSI eligibility.",PDF,https://dhhr.wv.gov/forms/disability-medical-certification.pdf,,,
West Virginia,Disability/Workforce,Dept. of Labor,"Unemployment, Workforce, and Disability Application","All benefit and accessibility application, alternate format available.",PDF,https://labor.wv.gov/forms/unemployment-disability-workforce-application.pdf,,,
West Virginia,Vocational Rehabilitation,Division of Rehabilitation Services,VR Client Intake/Application,"ADA, translation, interpreter, fillable for all applicants; printable version.",PDF,https://drs.wv.gov/forms/VR-Client-Intake-Application.pdf,,,
West Virginia,Disability/Legal,Judicial Branch,ADA Accommodation & Interpreter Request—Courts,"Universal fill, printable, alternate format request documentation.",PDF,https://www.courtswv.gov/forms/ada-accommodation-request.pdf,,,
West Virginia,Education/SpecialEd,Dept. of Education,"IEP/504 Parent, Teacher, Student Forms—2025","Fillable, downloadable, and screen-reader accessible across all needs.",PDF,https://wvde.state.wv.us/forms/iep504-forms-2025.pdf,,,
West Virginia,DMV/Disability,Dept. of Transportation,Disabled Parking Permit Application,"Fill, medical sign-off required, ADA throughout.",PDF,https://transportation.wv.gov/forms/disabled-parking-permit.pdf,,,
West Virginia,Legal/Elder,Dept. of Health & Human Resources,Legal Intake—Elder/Disabled,DOCX intake for all legal aid/complaints/dispute resolution (remediation).,DOCX,https://dhhr.wv.gov/forms/legal-intake-elder-disabled.docx,,,
Wisconsin,Disability/Medical,Dept. of Health Services,Disability Certification Form—Care/Employment/SSI,"Doctor/NP/mental health, Medicaid/SSI, employment support, care forms included.",PDF,https://www.dhs.wisconsin.gov/forms/disability-certification.pdf,,,
Wisconsin,Disability/Workforce,Dept. of Workforce Development,UI/Labor/Disability Application Intake,"Fills, prints, ADA language included at top, translation options offered.",PDF,https://dwd.wisconsin.gov/forms/ui-labor-disability-application.pdf,,,
Wisconsin,Vocational Rehabilitation,Division of Vocational Rehabilitation,VR Intake Application Packet,"Eligibility, employment, interpreter, support provision packet.",PDF,https://dwd.wisconsin.gov/dvr/forms/vr-intake-application-packet.pdf,,,
Wisconsin,Disability/Legal,Judicial Branch,Courts—ADA Accommodation/Interpreter Request,"All ADA/alt format/interpreter requests and complaints, statewide.",PDF,https://www.wicourts.gov/forms/ada-accommodation-request.pdf,,,
Wisconsin,Education/SpecialEd,Dept. of Public Instruction,"IEP/Section 504 Forms – Parent, Teacher, Student",Fillable and screen-reader accessible state-wide documentation set.,PDF,https://dpi.wi.gov/forms/iep504forms2025.pdf,,,
Wisconsin,DMV/Disability,Dept. of Transportation,Disabled Parking Permit/Plate Application,"Fillable, physician-complete ADA/vehicle access form.",PDF,https://wisconsindot.gov/forms/disabled-parking-permit-application.pdf,,,
Wisconsin,Legal/Elder,Dept. of Health Services,Legal Intake—Elder/Disabled,"DOCX intake, flagged for legal disputes, public aid, fraud, elder law remediation.",DOCX,https://www.dhs.wisconsin.gov/forms/legal-intake-elder-disabled.docx,,,
Wyoming,Disability/Medical,Dept. of Health,Disability Medical Eligibility Certification,"Doctor/NP/psychiatrist approval for Medicaid, SSI, public benefit.",PDF,https://health.wyo.gov/forms/disability-medical-eligibility-certification.pdf,,,
Wyoming,Disability/Workforce,Dept. of Workforce Services,Unemployment & Disability Application,"Fill-in, printable with ADA/alt format, interpreter and translation offered.",PDF,https://wyomingworkforce.org/forms/unemployment-disability-application.pdf,,,
Wyoming,Vocational Rehabilitation,Division of Vocational Rehabilitation,VR Employment/Services Intake Packet,PDF and DOCX eligibility assessment and intake.,PDF,https://health.wyo.gov/forms/vr-services-intake.pdf,,,
Wyoming,Disability/Legal,Judicial Branch,ADA Accommodation & Interpreter Request—Courts,Statewide printable/interpreter and ADA modification request (ADA grievance/alt format included).,PDF,https://www.courts.state.wy.us/forms/ada-accommodation-request.pdf,,,
Wyoming,Education/SpecialEd,Dept. of Education,IEP/504 Forms Packet—Parent/Teacher,"2025 parent, teacher, and student special ed, Section 504 forms—screen-reader accessible.",PDF,https://edu.wyoming.gov/forms/iep504packet2025.pdf,,,
Wyoming,DMV/Disability,Dept. of Transportation,Disabled Parking Permit Application,"Accessible/ADA, all fields fillable and printable (medical, alternate format), translation as needed.",PDF,https://dot.state.wy.us/forms/disabled-parking-permit-application.pdf,,,
Wyoming,Legal/Elder,Dept. of Health,DOCX complaint packet—elder and disabled public aid.,Remediation-priority complaint and intake for all age groups.,DOCX,https://health.wyo.gov/forms/legal-intake-elder-disabled.docx,,,